Year,Brand,ENTREPRENEURSHIP,QUALITY OF LIFE,SOCIAL PURPOSE,CULTURAL INFLUENCE,OPEN FOR BUSINESS,ADVENTURE,POWER,HERITAGE,MOVERS,OVERALL,,,,,,,,,,,,,,,,,,,,,,,,,,,,,,,,,,,,,,,,,,,,,,,,,,,,,,,,,,,,,,,,,
2016,Algeria,0.89,1.26,0.20,0.00,34.18,3.00,6.48,2.26,11.99,0.00,,,,,,,,,,,,,,,,,,,,,,,,,,,,,,,,,,,,,,,,,,,,,,,,,,,,,,,,,,,,,,,,,
2016,Argentina,8.08,12.03,14.49,24.50,30.60,60.18,3.46,42.13,13.72,18.38,,,,,,,,,,,,,,,,,,,,,,,,,,,,,,,,,,,,,,,,,,,,,,,,,,,,,,,,,,,,,,,,,
2016,Australia,70.44,90.76,90.82,53.48,68.66,70.61,24.83,32.12,51.12,94.91,,,,,,,,,,,,,,,,,,,,,,,,,,,,,,,,,,,,,,,,,,,,,,,,,,,,,,,,,,,,,,,,,
2016,Austria,59.25,73.45,77.11,37.66,66.34,35.72,8.97,49.51,11.19,71.21,,,,,,,,,,,,,,,,,,,,,,,,,,,,,,,,,,,,,,,,,,,,,,,,,,,,,,,,,,,,,,,,,
2016,Azerbaijan,1.67,3.16,1.54,1.72,37.75,4.41,4.84,3.07,35.93,5.50,,,,,,,,,,,,,,,,,,,,,,,,,,,,,,,,,,,,,,,,,,,,,,,,,,,,,,,,,,,,,,,,,
2016,Bolivia,1.14,7.65,3.93,2.16,38.87,14.42,3.28,8.21,17.09,5.22,,,,,,,,,,,,,,,,,,,,,,,,,,,,,,,,,,,,,,,,,,,,,,,,,,,,,,,,,,,,,,,,,
2016,Brazil,13.53,9.48,11.64,58.10,41.12,100.00,12.79,48.44,81.31,41.81,,,,,,,,,,,,,,,,,,,,,,,,,,,,,,,,,,,,,,,,,,,,,,,,,,,,,,,,,,,,,,,,,
2016,Bulgaria,4.94,15.00,9.99,2.32,43.65,13.12,0.00,13.03,1.68,7.88,,,,,,,,,,,,,,,,,,,,,,,,,,,,,,,,,,,,,,,,,,,,,,,,,,,,,,,,,,,,,,,,,
2016,Canada,84.88,100.00,99.38,47.97,75.09,45.77,37.54,25.35,29.74,99.74,,,,,,,,,,,,,,,,,,,,,,,,,,,,,,,,,,,,,,,,,,,,,,,,,,,,,,,,,,,,,,,,,
2016,Chile,6.82,14.99,9.62,7.37,47.03,36.82,2.76,24.29,29.77,16.66,,,,,,,,,,,,,,,,,,,,,,,,,,,,,,,,,,,,,,,,,,,,,,,,,,,,,,,,,,,,,,,,,
2016,China,61.95,37.29,9.78,34.17,38.45,12.76,87.49,62.69,95.43,62.76,,,,,,,,,,,,,,,,,,,,,,,,,,,,,,,,,,,,,,,,,,,,,,,,,,,,,,,,,,,,,,,,,
2016,Colombia,4.10,5.39,4.62,8.21,32.57,31.59,5.01,10.58,20.35,7.72,,,,,,,,,,,,,,,,,,,,,,,,,,,,,,,,,,,,,,,,,,,,,,,,,,,,,,,,,,,,,,,,,
2016,Costa Rica,3.01,14.20,8.96,15.39,67.38,61.17,0.31,11.48,24.33,20.39,,,,,,,,,,,,,,,,,,,,,,,,,,,,,,,,,,,,,,,,,,,,,,,,,,,,,,,,,,,,,,,,,
2016,Czechia,17.34,24.33,24.93,5.78,40.14,17.54,2.04,27.76,1.75,18.71,,,,,,,,,,,,,,,,,,,,,,,,,,,,,,,,,,,,,,,,,,,,,,,,,,,,,,,,,,,,,,,,,
2016,Denmark,70.99,92.25,96.06,41.75,74.11,31.54,11.23,16.47,21.39,85.65,,,,,,,,,,,,,,,,,,,,,,,,,,,,,,,,,,,,,,,,,,,,,,,,,,,,,,,,,,,,,,,,,
2016,Dominican Republic,0.89,8.74,5.93,12.51,60.73,48.81,0.80,6.49,17.92,13.99,,,,,,,,,,,,,,,,,,,,,,,,,,,,,,,,,,,,,,,,,,,,,,,,,,,,,,,,,,,,,,,,,
2016,Egypt,4.76,2.81,0.78,19.62,25.65,20.13,13.02,56.98,74.39,18.53,,,,,,,,,,,,,,,,,,,,,,,,,,,,,,,,,,,,,,,,,,,,,,,,,,,,,,,,,,,,,,,,,
2016,France,67.15,54.84,68.84,100.00,50.17,51.40,63.61,90.37,25.28,90.05,,,,,,,,,,,,,,,,,,,,,,,,,,,,,,,,,,,,,,,,,,,,,,,,,,,,,,,,,,,,,,,,,
2016,Germany,100.00,81.42,83.59,51.34,60.13,14.60,85.21,45.98,36.26,100.00,,,,,,,,,,,,,,,,,,,,,,,,,,,,,,,,,,,,,,,,,,,,,,,,,,,,,,,,,,,,,,,,,
2016,Greece,10.87,14.14,16.41,33.11,30.95,67.93,4.75,90.57,39.83,29.30,,,,,,,,,,,,,,,,,,,,,,,,,,,,,,,,,,,,,,,,,,,,,,,,,,,,,,,,,,,,,,,,,
2016,Guatemala,0.00,5.19,2.87,1.57,46.15,17.19,2.72,6.18,19.33,5.59,,,,,,,,,,,,,,,,,,,,,,,,,,,,,,,,,,,,,,,,,,,,,,,,,,,,,,,,,,,,,,,,,
2016,Hungary,14.67,18.03,18.95,5.49,42.26,18.85,0.39,32.99,0.00,15.20,,,,,,,,,,,,,,,,,,,,,,,,,,,,,,,,,,,,,,,,,,,,,,,,,,,,,,,,,,,,,,,,,
2016,India,26.87,18.80,4.84,27.83,46.95,22.10,24.19,71.15,100.00,41.13,,,,,,,,,,,,,,,,,,,,,,,,,,,,,,,,,,,,,,,,,,,,,,,,,,,,,,,,,,,,,,,,,
2016,Indonesia,7.77,15.24,2.12,8.94,49.63,29.60,5.05,21.92,40.11,17.11,,,,,,,,,,,,,,,,,,,,,,,,,,,,,,,,,,,,,,,,,,,,,,,,,,,,,,,,,,,,,,,,,
2016,Iran,2.68,0.00,0.00,2.31,10.10,0.00,28.43,9.38,28.82,1.93,,,,,,,,,,,,,,,,,,,,,,,,,,,,,,,,,,,,,,,,,,,,,,,,,,,,,,,,,,,,,,,,,
2016,Ireland,46.78,56.98,62.89,27.15,67.82,51.08,4.54,43.89,30.10,61.23,,,,,,,,,,,,,,,,,,,,,,,,,,,,,,,,,,,,,,,,,,,,,,,,,,,,,,,,,,,,,,,,,
2016,Israel,38.00,14.81,14.39,12.80,29.83,4.53,56.73,30.47,62.62,34.74,,,,,,,,,,,,,,,,,,,,,,,,,,,,,,,,,,,,,,,,,,,,,,,,,,,,,,,,,,,,,,,,,
2016,Italy,44.57,36.22,40.91,99.71,41.50,89.34,18.19,100.00,35.90,69.10,,,,,,,,,,,,,,,,,,,,,,,,,,,,,,,,,,,,,,,,,,,,,,,,,,,,,,,,,,,,,,,,,
2016,Japan,99.35,62.48,45.99,70.54,50.55,26.86,60.64,65.51,83.08,93.51,,,,,,,,,,,,,,,,,,,,,,,,,,,,,,,,,,,,,,,,,,,,,,,,,,,,,,,,,,,,,,,,,
2016,Jordan,2.59,4.78,1.26,4.21,33.44,5.00,10.99,15.22,29.17,6.35,,,,,,,,,,,,,,,,,,,,,,,,,,,,,,,,,,,,,,,,,,,,,,,,,,,,,,,,,,,,,,,,,
2016,Kazakhstan,1.75,3.74,1.24,1.04,36.21,4.12,6.41,1.33,33.81,4.93,,,,,,,,,,,,,,,,,,,,,,,,,,,,,,,,,,,,,,,,,,,,,,,,,,,,,,,,,,,,,,,,,
2016,Luxembourg,55.34,63.06,73.15,32.80,100.00,19.89,6.33,13.02,10.87,68.40,,,,,,,,,,,,,,,,,,,,,,,,,,,,,,,,,,,,,,,,,,,,,,,,,,,,,,,,,,,,,,,,,
2016,Malaysia,15.04,22.53,4.66,14.13,63.63,33.43,2.98,20.11,51.20,26.60,,,,,,,,,,,,,,,,,,,,,,,,,,,,,,,,,,,,,,,,,,,,,,,,,,,,,,,,,,,,,,,,,
2016,Mexico,9.61,15.24,5.71,29.09,38.82,60.48,5.41,73.07,53.51,27.72,,,,,,,,,,,,,,,,,,,,,,,,,,,,,,,,,,,,,,,,,,,,,,,,,,,,,,,,,,,,,,,,,
2016,Morocco,3.59,8.91,1.26,18.85,44.75,36.35,1.89,45.76,64.43,20.48,,,,,,,,,,,,,,,,,,,,,,,,,,,,,,,,,,,,,,,,,,,,,,,,,,,,,,,,,,,,,,,,,
2016,Netherlands,75.66,84.89,95.88,43.79,70.42,43.76,14.19,34.65,20.87,86.98,,,,,,,,,,,,,,,,,,,,,,,,,,,,,,,,,,,,,,,,,,,,,,,,,,,,,,,,,,,,,,,,,
2016,New Zealand,55.13,82.08,83.38,39.61,71.84,70.66,5.53,21.87,60.63,82.70,,,,,,,,,,,,,,,,,,,,,,,,,,,,,,,,,,,,,,,,,,,,,,,,,,,,,,,,,,,,,,,,,
2016,Nigeria,2.30,3.78,1.11,2.44,32.55,4.24,5.78,0.00,23.42,2.98,,,,,,,,,,,,,,,,,,,,,,,,,,,,,,,,,,,,,,,,,,,,,,,,,,,,,,,,,,,,,,,,,
2016,Pakistan,3.40,3.38,0.65,1.74,28.84,1.94,16.84,4.36,27.40,4.44,,,,,,,,,,,,,,,,,,,,,,,,,,,,,,,,,,,,,,,,,,,,,,,,,,,,,,,,,,,,,,,,,
2016,Panama,5.94,8.26,6.00,6.88,73.96,36.66,1.54,7.17,40.15,19.15,,,,,,,,,,,,,,,,,,,,,,,,,,,,,,,,,,,,,,,,,,,,,,,,,,,,,,,,,,,,,,,,,
2016,Peru,1.73,13.25,5.50,10.67,53.95,37.22,1.86,39.94,59.41,21.01,,,,,,,,,,,,,,,,,,,,,,,,,,,,,,,,,,,,,,,,,,,,,,,,,,,,,,,,,,,,,,,,,
2016,Philippines,9.92,18.37,5.13,9.56,60.70,42.46,2.02,15.88,42.17,21.72,,,,,,,,,,,,,,,,,,,,,,,,,,,,,,,,,,,,,,,,,,,,,,,,,,,,,,,,,,,,,,,,,
2016,Portugal,24.36,34.76,38.27,25.57,49.30,61.00,2.56,64.81,7.94,38.19,,,,,,,,,,,,,,,,,,,,,,,,,,,,,,,,,,,,,,,,,,,,,,,,,,,,,,,,,,,,,,,,,
2016,Romania,5.58,9.83,7.20,3.61,35.13,14.91,1.55,13.40,15.69,7.26,,,,,,,,,,,,,,,,,,,,,,,,,,,,,,,,,,,,,,,,,,,,,,,,,,,,,,,,,,,,,,,,,
2016,Russian Federation,38.25,9.55,6.24,24.53,0.00,13.38,94.09,43.49,70.99,36.14,,,,,,,,,,,,,,,,,,,,,,,,,,,,,,,,,,,,,,,,,,,,,,,,,,,,,,,,,,,,,,,,,
2016,Saudi Arabia,20.57,19.25,3.00,15.37,16.91,1.62,49.25,10.65,74.63,25.86,,,,,,,,,,,,,,,,,,,,,,,,,,,,,,,,,,,,,,,,,,,,,,,,,,,,,,,,,,,,,,,,,
2016,Singapore,70.78,46.18,26.23,41.47,70.37,30.77,12.05,22.67,98.27,67.86,,,,,,,,,,,,,,,,,,,,,,,,,,,,,,,,,,,,,,,,,,,,,,,,,,,,,,,,,,,,,,,,,
2016,South Africa,18.44,5.46,11.19,13.93,26.94,34.92,9.74,24.10,73.76,23.02,,,,,,,,,,,,,,,,,,,,,,,,,,,,,,,,,,,,,,,,,,,,,,,,,,,,,,,,,,,,,,,,,
2016,"Korea, Republic of",66.37,25.78,15.07,24.01,41.00,7.81,41.12,16.81,62.98,46.83,,,,,,,,,,,,,,,,,,,,,,,,,,,,,,,,,,,,,,,,,,,,,,,,,,,,,,,,,,,,,,,,,
2016,Spain,41.04,41.76,44.06,78.09,49.01,85.24,13.62,95.35,27.89,64.68,,,,,,,,,,,,,,,,,,,,,,,,,,,,,,,,,,,,,,,,,,,,,,,,,,,,,,,,,,,,,,,,,
2016,Sri Lanka,1.90,12.72,1.68,7.15,55.55,23.74,1.96,15.11,62.51,17.72,,,,,,,,,,,,,,,,,,,,,,,,,,,,,,,,,,,,,,,,,,,,,,,,,,,,,,,,,,,,,,,,,
2016,Sweden,84.44,94.75,100.00,51.62,77.74,39.22,15.42,18.91,35.62,96.91,,,,,,,,,,,,,,,,,,,,,,,,,,,,,,,,,,,,,,,,,,,,,,,,,,,,,,,,,,,,,,,,,
2016,Thailand,12.60,22.46,3.42,32.13,68.14,76.35,2.99,65.11,91.13,41.46,,,,,,,,,,,,,,,,,,,,,,,,,,,,,,,,,,,,,,,,,,,,,,,,,,,,,,,,,,,,,,,,,
2016,Tunisia,1.57,8.25,1.48,5.26,42.70,15.80,2.74,16.95,25.19,7.92,,,,,,,,,,,,,,,,,,,,,,,,,,,,,,,,,,,,,,,,,,,,,,,,,,,,,,,,,,,,,,,,,
2016,Turkey,12.74,16.38,3.49,22.16,27.74,37.17,15.84,60.05,49.52,23.37,,,,,,,,,,,,,,,,,,,,,,,,,,,,,,,,,,,,,,,,,,,,,,,,,,,,,,,,,,,,,,,,,
2016,Ukraine,6.80,1.50,4.26,1.09,17.89,6.70,9.76,5.93,16.16,1.43,,,,,,,,,,,,,,,,,,,,,,,,,,,,,,,,,,,,,,,,,,,,,,,,,,,,,,,,,,,,,,,,,
2016,United Kingdom,86.21,72.85,84.04,72.17,57.91,24.17,84.75,59.98,20.76,97.52,,,,,,,,,,,,,,,,,,,,,,,,,,,,,,,,,,,,,,,,,,,,,,,,,,,,,,,,,,,,,,,,,
2016,United States,96.39,54.32,70.57,80.49,50.29,32.24,100.00,38.49,42.38,97.38,,,,,,,,,,,,,,,,,,,,,,,,,,,,,,,,,,,,,,,,,,,,,,,,,,,,,,,,,,,,,,,,,
2016,Uruguay,3.62,10.72,9.49,3.97,43.34,19.35,0.34,9.21,26.95,10.68,,,,,,,,,,,,,,,,,,,,,,,,,,,,,,,,,,,,,,,,,,,,,,,,,,,,,,,,,,,,,,,,,
2016,Viet Nam,7.93,19.36,1.58,5.63,52.29,20.66,7.60,31.99,64.53,21.76,,,,,,,,,,,,,,,,,,,,,,,,,,,,,,,,,,,,,,,,,,,,,,,,,,,,,,,,,,,,,,,,,
2017,Angola,0.73,3.56,2.40,0.38,39.94,4.81,4.72,0.67,24.34,2.79,,,,,,,,,,,,,,,,,,,,,,,,,,,,,,,,,,,,,,,,,,,,,,,,,,,,,,,,,,,,,,,,,
2017,Algeria,1.69,1.73,1.66,0.00,44.29,4.01,6.06,5.99,12.17,1.36,,,,,,,,,,,,,,,,,,,,,,,,,,,,,,,,,,,,,,,,,,,,,,,,,,,,,,,,,,,,,,,,,
2017,Argentina,12.09,13.85,16.62,26.89,30.21,65.06,4.31,51.33,15.73,20.86,,,,,,,,,,,,,,,,,,,,,,,,,,,,,,,,,,,,,,,,,,,,,,,,,,,,,,,,,,,,,,,,,
2017,Australia,75.53,94.28,89.66,51.86,77.22,65.61,24.62,27.41,43.51,92.59,,,,,,,,,,,,,,,,,,,,,,,,,,,,,,,,,,,,,,,,,,,,,,,,,,,,,,,,,,,,,,,,,
2017,Austria,61.70,77.63,74.26,32.98,70.47,34.42,11.15,45.08,9.67,67.57,,,,,,,,,,,,,,,,,,,,,,,,,,,,,,,,,,,,,,,,,,,,,,,,,,,,,,,,,,,,,,,,,
2017,Azerbaijan,2.21,7.86,3.52,1.14,38.02,6.39,6.06,6.69,29.31,5.74,,,,,,,,,,,,,,,,,,,,,,,,,,,,,,,,,,,,,,,,,,,,,,,,,,,,,,,,,,,,,,,,,
2017,Bahrain,9.75,8.61,2.83,8.22,44.58,5.64,8.07,1.00,40.82,12.15,,,,,,,,,,,,,,,,,,,,,,,,,,,,,,,,,,,,,,,,,,,,,,,,,,,,,,,,,,,,,,,,,
2017,Belarus,6.85,8.51,7.41,2.49,23.11,12.13,11.19,8.81,20.67,5.73,,,,,,,,,,,,,,,,,,,,,,,,,,,,,,,,,,,,,,,,,,,,,,,,,,,,,,,,,,,,,,,,,
2017,Bolivia,0.39,8.59,4.09,2.00,49.26,18.65,3.47,9.43,13.50,5.34,,,,,,,,,,,,,,,,,,,,,,,,,,,,,,,,,,,,,,,,,,,,,,,,,,,,,,,,,,,,,,,,,
2017,Brazil,14.26,9.70,15.66,55.91,39.74,100.00,12.89,60.07,65.45,40.54,,,,,,,,,,,,,,,,,,,,,,,,,,,,,,,,,,,,,,,,,,,,,,,,,,,,,,,,,,,,,,,,,
2017,Bulgaria,6.11,16.69,14.31,1.31,49.09,14.85,1.75,18.12,0.00,8.68,,,,,,,,,,,,,,,,,,,,,,,,,,,,,,,,,,,,,,,,,,,,,,,,,,,,,,,,,,,,,,,,,
2017,Canada,84.11,100.00,96.20,49.06,84.96,41.33,41.95,24.51,31.49,96.96,,,,,,,,,,,,,,,,,,,,,,,,,,,,,,,,,,,,,,,,,,,,,,,,,,,,,,,,,,,,,,,,,
2017,Chile,7.01,16.36,12.42,8.89,56.32,36.47,2.74,32.55,18.58,16.64,,,,,,,,,,,,,,,,,,,,,,,,,,,,,,,,,,,,,,,,,,,,,,,,,,,,,,,,,,,,,,,,,
2017,China,68.08,42.88,9.99,35.90,49.98,13.76,91.03,65.67,76.18,65.08,,,,,,,,,,,,,,,,,,,,,,,,,,,,,,,,,,,,,,,,,,,,,,,,,,,,,,,,,,,,,,,,,
2017,Colombia,4.33,5.51,6.58,10.59,38.77,39.78,5.01,18.48,16.62,9.13,,,,,,,,,,,,,,,,,,,,,,,,,,,,,,,,,,,,,,,,,,,,,,,,,,,,,,,,,,,,,,,,,
2017,Costa Rica,2.21,10.71,9.36,16.81,65.53,67.72,2.29,13.28,28.64,19.13,,,,,,,,,,,,,,,,,,,,,,,,,,,,,,,,,,,,,,,,,,,,,,,,,,,,,,,,,,,,,,,,,
2017,Croatia,12.50,19.14,16.16,11.32,47.77,37.68,0.89,25.93,17.33,18.06,,,,,,,,,,,,,,,,,,,,,,,,,,,,,,,,,,,,,,,,,,,,,,,,,,,,,,,,,,,,,,,,,
2017,Czechia,24.06,25.32,31.36,8.77,50.72,19.02,3.86,30.50,6.39,23.77,,,,,,,,,,,,,,,,,,,,,,,,,,,,,,,,,,,,,,,,,,,,,,,,,,,,,,,,,,,,,,,,,
2017,Denmark,73.55,96.18,93.88,42.37,86.23,30.19,14.05,19.71,21.05,84.91,,,,,,,,,,,,,,,,,,,,,,,,,,,,,,,,,,,,,,,,,,,,,,,,,,,,,,,,,,,,,,,,,
2017,Dominican Republic,1.82,14.36,9.22,16.27,66.98,55.16,2.39,12.14,19.72,17.52,,,,,,,,,,,,,,,,,,,,,,,,,,,,,,,,,,,,,,,,,,,,,,,,,,,,,,,,,,,,,,,,,
2017,Ecuador,3.15,11.84,7.56,5.10,52.25,31.53,2.31,14.07,31.20,12.76,,,,,,,,,,,,,,,,,,,,,,,,,,,,,,,,,,,,,,,,,,,,,,,,,,,,,,,,,,,,,,,,,
2017,Egypt,5.32,4.96,1.15,22.00,26.85,23.33,13.96,64.53,66.83,19.94,,,,,,,,,,,,,,,,,,,,,,,,,,,,,,,,,,,,,,,,,,,,,,,,,,,,,,,,,,,,,,,,,
2017,Finland,73.99,90.12,95.19,36.03,85.57,34.51,8.68,17.36,32.64,83.96,,,,,,,,,,,,,,,,,,,,,,,,,,,,,,,,,,,,,,,,,,,,,,,,,,,,,,,,,,,,,,,,,
2017,France,69.81,54.42,68.17,96.12,56.85,48.42,68.09,89.30,22.78,88.10,,,,,,,,,,,,,,,,,,,,,,,,,,,,,,,,,,,,,,,,,,,,,,,,,,,,,,,,,,,,,,,,,
2017,Germany,100.00,84.14,80.16,48.07,63.55,13.48,85.65,42.79,32.60,95.45,,,,,,,,,,,,,,,,,,,,,,,,,,,,,,,,,,,,,,,,,,,,,,,,,,,,,,,,,,,,,,,,,
2017,Ghana,1.96,8.01,1.82,0.96,47.86,9.57,4.50,0.00,27.31,6.05,,,,,,,,,,,,,,,,,,,,,,,,,,,,,,,,,,,,,,,,,,,,,,,,,,,,,,,,,,,,,,,,,
2017,Greece,14.60,20.53,20.40,38.93,43.21,73.40,5.93,93.48,36.84,35.31,,,,,,,,,,,,,,,,,,,,,,,,,,,,,,,,,,,,,,,,,,,,,,,,,,,,,,,,,,,,,,,,,
2017,Guatemala,0.00,9.76,4.38,3.27,51.32,19.18,3.00,9.73,19.99,7.28,,,,,,,,,,,,,,,,,,,,,,,,,,,,,,,,,,,,,,,,,,,,,,,,,,,,,,,,,,,,,,,,,
2017,Hungary,17.27,25.30,23.89,6.77,52.40,19.30,2.26,36.08,3.72,19.58,,,,,,,,,,,,,,,,,,,,,,,,,,,,,,,,,,,,,,,,,,,,,,,,,,,,,,,,,,,,,,,,,
2017,India,29.01,21.78,6.31,32.37,59.92,30.44,28.07,81.10,90.75,45.92,,,,,,,,,,,,,,,,,,,,,,,,,,,,,,,,,,,,,,,,,,,,,,,,,,,,,,,,,,,,,,,,,
2017,Indonesia,10.31,19.53,5.53,9.97,64.96,34.01,6.53,32.37,39.37,21.98,,,,,,,,,,,,,,,,,,,,,,,,,,,,,,,,,,,,,,,,,,,,,,,,,,,,,,,,,,,,,,,,,
2017,Iran,1.86,0.00,0.00,1.81,7.08,0.00,31.44,14.47,21.58,0.56,,,,,,,,,,,,,,,,,,,,,,,,,,,,,,,,,,,,,,,,,,,,,,,,,,,,,,,,,,,,,,,,,
2017,Ireland,46.71,59.38,63.22,29.88,74.45,47.32,5.35,44.89,20.14,58.65,,,,,,,,,,,,,,,,,,,,,,,,,,,,,,,,,,,,,,,,,,,,,,,,,,,,,,,,,,,,,,,,,
2017,Israel,40.04,17.04,13.62,12.22,33.43,4.25,61.11,34.74,47.10,33.91,,,,,,,,,,,,,,,,,,,,,,,,,,,,,,,,,,,,,,,,,,,,,,,,,,,,,,,,,,,,,,,,,
2017,Italy,48.74,40.51,45.44,100.00,51.22,87.90,23.27,100.00,36.92,73.08,,,,,,,,,,,,,,,,,,,,,,,,,,,,,,,,,,,,,,,,,,,,,,,,,,,,,,,,,,,,,,,,,
2017,Japan,99.32,69.30,48.33,70.13,63.47,26.93,61.37,62.66,75.28,94.63,,,,,,,,,,,,,,,,,,,,,,,,,,,,,,,,,,,,,,,,,,,,,,,,,,,,,,,,,,,,,,,,,
2017,Jordan,3.44,4.76,2.53,3.44,42.81,7.32,11.89,21.08,20.11,6.44,,,,,,,,,,,,,,,,,,,,,,,,,,,,,,,,,,,,,,,,,,,,,,,,,,,,,,,,,,,,,,,,,
2017,Kazakhstan,0.47,6.78,2.28,0.85,41.49,3.49,9.43,3.33,30.44,5.52,,,,,,,,,,,,,,,,,,,,,,,,,,,,,,,,,,,,,,,,,,,,,,,,,,,,,,,,,,,,,,,,,
2017,Kenya,2.34,7.84,1.82,4.39,45.28,21.09,4.57,8.41,39.40,9.74,,,,,,,,,,,,,,,,,,,,,,,,,,,,,,,,,,,,,,,,,,,,,,,,,,,,,,,,,,,,,,,,,
2017,Latvia,7.07,16.58,15.90,2.73,54.45,11.17,0.00,6.23,8.70,10.84,,,,,,,,,,,,,,,,,,,,,,,,,,,,,,,,,,,,,,,,,,,,,,,,,,,,,,,,,,,,,,,,,
2017,Lebanon,2.06,1.75,1.11,5.21,33.12,8.17,8.22,24.81,14.83,2.77,,,,,,,,,,,,,,,,,,,,,,,,,,,,,,,,,,,,,,,,,,,,,,,,,,,,,,,,,,,,,,,,,
2017,Luxembourg,61.70,68.61,73.50,35.48,98.74,19.45,8.61,18.00,14.65,68.43,,,,,,,,,,,,,,,,,,,,,,,,,,,,,,,,,,,,,,,,,,,,,,,,,,,,,,,,,,,,,,,,,
2017,Malaysia,18.75,23.70,6.91,13.56,73.49,34.53,3.52,27.30,44.38,27.73,,,,,,,,,,,,,,,,,,,,,,,,,,,,,,,,,,,,,,,,,,,,,,,,,,,,,,,,,,,,,,,,,
2017,Mexico,11.94,14.42,8.84,33.57,41.30,66.52,7.30,79.74,40.61,28.53,,,,,,,,,,,,,,,,,,,,,,,,,,,,,,,,,,,,,,,,,,,,,,,,,,,,,,,,,,,,,,,,,
2017,Morocco,2.74,9.91,1.72,13.48,51.76,37.70,4.17,48.78,52.86,18.80,,,,,,,,,,,,,,,,,,,,,,,,,,,,,,,,,,,,,,,,,,,,,,,,,,,,,,,,,,,,,,,,,
2017,Myanmar,1.82,11.52,1.44,4.29,42.24,14.80,4.76,10.12,53.65,12.01,,,,,,,,,,,,,,,,,,,,,,,,,,,,,,,,,,,,,,,,,,,,,,,,,,,,,,,,,,,,,,,,,
2017,Netherlands,74.97,88.68,92.89,46.82,82.75,45.04,18.56,34.69,25.49,86.96,,,,,,,,,,,,,,,,,,,,,,,,,,,,,,,,,,,,,,,,,,,,,,,,,,,,,,,,,,,,,,,,,
2017,New Zealand,58.33,84.74,83.79,39.24,84.45,68.96,8.63,23.44,51.49,82.11,,,,,,,,,,,,,,,,,,,,,,,,,,,,,,,,,,,,,,,,,,,,,,,,,,,,,,,,,,,,,,,,,
2017,Nigeria,1.97,3.68,1.21,2.13,38.79,5.65,6.70,1.63,15.29,1.84,,,,,,,,,,,,,,,,,,,,,,,,,,,,,,,,,,,,,,,,,,,,,,,,,,,,,,,,,,,,,,,,,
2017,Norway,73.19,93.04,100.00,38.23,83.36,36.60,14.99,26.19,32.05,87.14,,,,,,,,,,,,,,,,,,,,,,,,,,,,,,,,,,,,,,,,,,,,,,,,,,,,,,,,,,,,,,,,,
2017,Oman,4.52,7.08,2.47,3.01,36.88,2.89,6.98,1.40,35.92,6.89,,,,,,,,,,,,,,,,,,,,,,,,,,,,,,,,,,,,,,,,,,,,,,,,,,,,,,,,,,,,,,,,,
2017,Pakistan,3.75,3.14,1.20,2.22,34.38,1.78,19.22,9.03,17.62,3.82,,,,,,,,,,,,,,,,,,,,,,,,,,,,,,,,,,,,,,,,,,,,,,,,,,,,,,,,,,,,,,,,,
2017,Panama,9.14,11.03,9.20,8.14,100.00,38.80,2.87,9.83,21.90,21.34,,,,,,,,,,,,,,,,,,,,,,,,,,,,,,,,,,,,,,,,,,,,,,,,,,,,,,,,,,,,,,,,,
2017,Peru,3.14,14.84,7.66,13.73,59.46,41.84,2.23,47.69,38.71,20.23,,,,,,,,,,,,,,,,,,,,,,,,,,,,,,,,,,,,,,,,,,,,,,,,,,,,,,,,,,,,,,,,,
2017,Philippines,8.77,19.95,4.80,12.35,61.80,48.56,4.04,18.83,36.29,20.80,,,,,,,,,,,,,,,,,,,,,,,,,,,,,,,,,,,,,,,,,,,,,,,,,,,,,,,,,,,,,,,,,
2017,Poland,30.77,39.02,38.43,9.68,52.29,20.02,6.37,45.65,2.36,31.30,,,,,,,,,,,,,,,,,,,,,,,,,,,,,,,,,,,,,,,,,,,,,,,,,,,,,,,,,,,,,,,,,
2017,Portugal,33.42,45.31,47.42,32.28,61.30,63.71,5.81,74.81,10.51,47.65,,,,,,,,,,,,,,,,,,,,,,,,,,,,,,,,,,,,,,,,,,,,,,,,,,,,,,,,,,,,,,,,,
2017,Qatar,24.87,20.68,7.74,17.18,46.02,4.29,18.51,0.07,66.51,27.88,,,,,,,,,,,,,,,,,,,,,,,,,,,,,,,,,,,,,,,,,,,,,,,,,,,,,,,,,,,,,,,,,
2017,Romania,8.86,16.69,11.66,6.07,48.07,19.49,1.98,27.08,6.08,11.46,,,,,,,,,,,,,,,,,,,,,,,,,,,,,,,,,,,,,,,,,,,,,,,,,,,,,,,,,,,,,,,,,
2017,Russian Federation,43.35,16.96,10.91,31.84,0.00,14.10,99.95,47.81,67.95,43.44,,,,,,,,,,,,,,,,,,,,,,,,,,,,,,,,,,,,,,,,,,,,,,,,,,,,,,,,,,,,,,,,,
2017,Saudi Arabia,22.12,21.42,3.88,14.95,25.64,1.44,58.76,12.96,69.85,29.38,,,,,,,,,,,,,,,,,,,,,,,,,,,,,,,,,,,,,,,,,,,,,,,,,,,,,,,,,,,,,,,,,
2017,Serbia,4.31,5.49,4.33,1.02,26.65,8.23,6.20,9.06,3.70,0.00,,,,,,,,,,,,,,,,,,,,,,,,,,,,,,,,,,,,,,,,,,,,,,,,,,,,,,,,,,,,,,,,,
2017,Singapore,79.11,53.19,31.71,47.64,82.35,43.55,16.25,31.87,95.13,76.23,,,,,,,,,,,,,,,,,,,,,,,,,,,,,,,,,,,,,,,,,,,,,,,,,,,,,,,,,,,,,,,,,
2017,Slovenia,10.41,17.27,21.49,3.07,52.47,15.64,0.29,14.06,10.28,14.06,,,,,,,,,,,,,,,,,,,,,,,,,,,,,,,,,,,,,,,,,,,,,,,,,,,,,,,,,,,,,,,,,
2017,South Africa,18.96,8.72,12.22,14.62,30.70,37.91,12.60,33.84,53.62,22.85,,,,,,,,,,,,,,,,,,,,,,,,,,,,,,,,,,,,,,,,,,,,,,,,,,,,,,,,,,,,,,,,,
2017,"Korea, Republic of",73.26,33.34,20.51,26.06,56.75,7.42,48.52,21.16,50.61,52.74,,,,,,,,,,,,,,,,,,,,,,,,,,,,,,,,,,,,,,,,,,,,,,,,,,,,,,,,,,,,,,,,,
2017,Spain,46.87,42.50,49.50,80.25,56.38,85.11,18.54,98.71,23.48,67.36,,,,,,,,,,,,,,,,,,,,,,,,,,,,,,,,,,,,,,,,,,,,,,,,,,,,,,,,,,,,,,,,,
2017,Sri Lanka,2.36,12.66,2.54,8.08,65.08,25.95,3.14,20.63,51.39,17.73,,,,,,,,,,,,,,,,,,,,,,,,,,,,,,,,,,,,,,,,,,,,,,,,,,,,,,,,,,,,,,,,,
2017,Sweden,86.17,97.42,98.28,51.90,85.21,35.81,20.93,27.54,25.34,93.95,,,,,,,,,,,,,,,,,,,,,,,,,,,,,,,,,,,,,,,,,,,,,,,,,,,,,,,,,,,,,,,,,
2017,Switzerland,89.18,92.20,96.34,56.56,96.74,41.25,29.28,35.59,37.81,100.00,,,,,,,,,,,,,,,,,,,,,,,,,,,,,,,,,,,,,,,,,,,,,,,,,,,,,,,,,,,,,,,,,
2017,Tanzania,1.34,7.75,2.88,4.84,49.99,18.49,3.30,5.36,44.01,10.85,,,,,,,,,,,,,,,,,,,,,,,,,,,,,,,,,,,,,,,,,,,,,,,,,,,,,,,,,,,,,,,,,
2017,Thailand,16.41,23.28,5.84,40.88,74.97,82.08,4.80,78.35,73.29,43.91,,,,,,,,,,,,,,,,,,,,,,,,,,,,,,,,,,,,,,,,,,,,,,,,,,,,,,,,,,,,,,,,,
2017,Tunisia,1.58,8.45,1.11,6.46,44.41,19.31,3.28,21.71,26.02,7.93,,,,,,,,,,,,,,,,,,,,,,,,,,,,,,,,,,,,,,,,,,,,,,,,,,,,,,,,,,,,,,,,,
2017,Turkey,16.15,17.07,4.19,25.30,28.13,32.67,31.68,71.29,39.08,25.69,,,,,,,,,,,,,,,,,,,,,,,,,,,,,,,,,,,,,,,,,,,,,,,,,,,,,,,,,,,,,,,,,
2017,Ukraine,10.12,3.91,6.76,2.56,22.58,13.82,14.26,13.14,13.71,4.90,,,,,,,,,,,,,,,,,,,,,,,,,,,,,,,,,,,,,,,,,,,,,,,,,,,,,,,,,,,,,,,,,
2017,United Arab Emirates,46.67,34.75,14.24,41.80,48.95,7.99,53.31,10.81,100.00,55.50,,,,,,,,,,,,,,,,,,,,,,,,,,,,,,,,,,,,,,,,,,,,,,,,,,,,,,,,,,,,,,,,,
2017,United Kingdom,90.01,72.18,78.78,72.68,65.38,22.07,86.29,63.25,23.25,95.67,,,,,,,,,,,,,,,,,,,,,,,,,,,,,,,,,,,,,,,,,,,,,,,,,,,,,,,,,,,,,,,,,
2017,United States,95.89,51.91,63.17,80.81,52.97,31.12,100.00,44.47,40.62,93.02,,,,,,,,,,,,,,,,,,,,,,,,,,,,,,,,,,,,,,,,,,,,,,,,,,,,,,,,,,,,,,,,,
2017,Uruguay,5.69,14.75,13.82,5.31,54.38,29.77,0.99,15.43,19.00,13.70,,,,,,,,,,,,,,,,,,,,,,,,,,,,,,,,,,,,,,,,,,,,,,,,,,,,,,,,,,,,,,,,,
2017,Viet Nam,9.88,19.81,3.08,6.68,60.83,22.12,9.14,38.92,48.28,21.47,,,,,,,,,,,,,,,,,,,,,,,,,,,,,,,,,,,,,,,,,,,,,,,,,,,,,,,,,,,,,,,,,
2018,Angola,0.89,4.22,2.19,0.92,39.33,4.19,4.37,0.52,12.97,1.72,,,,,,,,,,,,,,,,,,,,,,,,,,,,,,,,,,,,,,,,,,,,,,,,,,,,,,,,,,,,,,,,,
2018,Algeria,0.26,3.52,1.70,0.00,34.98,4.64,4.63,6.01,8.02,0.00,,,,,,,,,,,,,,,,,,,,,,,,,,,,,,,,,,,,,,,,,,,,,,,,,,,,,,,,,,,,,,,,,
2018,Argentina,12.55,10.41,15.75,24.44,31.68,68.18,4.67,50.40,26.30,22.30,,,,,,,,,,,,,,,,,,,,,,,,,,,,,,,,,,,,,,,,,,,,,,,,,,,,,,,,,,,,,,,,,
2018,Australia,72.92,92.70,89.54,52.99,71.96,63.49,28.28,35.79,45.61,92.24,,,,,,,,,,,,,,,,,,,,,,,,,,,,,,,,,,,,,,,,,,,,,,,,,,,,,,,,,,,,,,,,,
2018,Austria,61.74,78.75,78.80,34.57,70.78,38.55,11.11,52.16,9.95,70.82,,,,,,,,,,,,,,,,,,,,,,,,,,,,,,,,,,,,,,,,,,,,,,,,,,,,,,,,,,,,,,,,,
2018,Azerbaijan,2.79,7.32,3.55,1.84,41.94,7.68,5.99,11.76,32.76,7.96,,,,,,,,,,,,,,,,,,,,,,,,,,,,,,,,,,,,,,,,,,,,,,,,,,,,,,,,,,,,,,,,,
2018,Bahrain,9.17,8.29,2.96,6.60,47.18,3.99,6.24,1.57,26.62,9.83,,,,,,,,,,,,,,,,,,,,,,,,,,,,,,,,,,,,,,,,,,,,,,,,,,,,,,,,,,,,,,,,,
2018,Belarus,7.93,8.56,7.11,3.67,23.64,10.22,7.77,9.05,7.88,4.39,,,,,,,,,,,,,,,,,,,,,,,,,,,,,,,,,,,,,,,,,,,,,,,,,,,,,,,,,,,,,,,,,
2018,Bolivia,0.35,7.98,4.80,2.61,42.51,18.93,3.74,9.23,21.99,6.64,,,,,,,,,,,,,,,,,,,,,,,,,,,,,,,,,,,,,,,,,,,,,,,,,,,,,,,,,,,,,,,,,
2018,Brazil,14.45,11.36,14.55,54.76,37.72,100.00,10.73,57.39,61.68,39.01,,,,,,,,,,,,,,,,,,,,,,,,,,,,,,,,,,,,,,,,,,,,,,,,,,,,,,,,,,,,,,,,,
2018,Bulgaria,6.79,21.26,12.49,2.41,51.33,16.06,1.24,15.94,3.70,11.51,,,,,,,,,,,,,,,,,,,,,,,,,,,,,,,,,,,,,,,,,,,,,,,,,,,,,,,,,,,,,,,,,
2018,Canada,86.32,100.00,96.96,50.57,79.70,43.83,43.60,25.22,34.91,98.50,,,,,,,,,,,,,,,,,,,,,,,,,,,,,,,,,,,,,,,,,,,,,,,,,,,,,,,,,,,,,,,,,
2018,Chile,8.24,16.25,11.92,10.00,50.79,38.91,2.48,32.33,19.03,17.09,,,,,,,,,,,,,,,,,,,,,,,,,,,,,,,,,,,,,,,,,,,,,,,,,,,,,,,,,,,,,,,,,
2018,China,66.68,42.24,11.88,38.85,51.53,14.45,92.08,68.27,89.01,67.96,,,,,,,,,,,,,,,,,,,,,,,,,,,,,,,,,,,,,,,,,,,,,,,,,,,,,,,,,,,,,,,,,
2018,Colombia,4.64,7.50,7.14,9.00,35.22,41.98,4.37,24.64,27.29,11.67,,,,,,,,,,,,,,,,,,,,,,,,,,,,,,,,,,,,,,,,,,,,,,,,,,,,,,,,,,,,,,,,,
2018,Costa Rica,3.17,14.97,10.06,14.74,67.84,72.35,0.93,17.49,27.35,21.09,,,,,,,,,,,,,,,,,,,,,,,,,,,,,,,,,,,,,,,,,,,,,,,,,,,,,,,,,,,,,,,,,
2018,Croatia,10.88,20.43,17.92,10.20,46.06,38.47,0.99,29.43,16.32,18.69,,,,,,,,,,,,,,,,,,,,,,,,,,,,,,,,,,,,,,,,,,,,,,,,,,,,,,,,,,,,,,,,,
2018,Czechia,25.94,29.43,34.23,10.23,50.20,22.11,2.32,34.53,5.07,27.00,,,,,,,,,,,,,,,,,,,,,,,,,,,,,,,,,,,,,,,,,,,,,,,,,,,,,,,,,,,,,,,,,
2018,Denmark,74.52,98.88,97.49,42.43,83.14,32.84,13.34,26.21,18.23,86.70,,,,,,,,,,,,,,,,,,,,,,,,,,,,,,,,,,,,,,,,,,,,,,,,,,,,,,,,,,,,,,,,,
2018,Dominican Republic,2.67,15.67,8.99,16.10,66.01,56.90,1.48,15.07,26.95,19.78,,,,,,,,,,,,,,,,,,,,,,,,,,,,,,,,,,,,,,,,,,,,,,,,,,,,,,,,,,,,,,,,,
2018,Ecuador,3.29,8.59,6.46,4.61,50.22,29.56,2.21,13.23,21.30,10.16,,,,,,,,,,,,,,,,,,,,,,,,,,,,,,,,,,,,,,,,,,,,,,,,,,,,,,,,,,,,,,,,,
2018,Egypt,4.92,5.72,1.41,21.39,26.84,22.80,15.04,62.13,80.19,21.85,,,,,,,,,,,,,,,,,,,,,,,,,,,,,,,,,,,,,,,,,,,,,,,,,,,,,,,,,,,,,,,,,
2018,Finland,72.16,89.29,96.59,34.47,79.83,35.66,6.40,19.87,28.73,81.96,,,,,,,,,,,,,,,,,,,,,,,,,,,,,,,,,,,,,,,,,,,,,,,,,,,,,,,,,,,,,,,,,
2018,France,72.29,56.72,74.12,94.01,57.10,50.24,68.29,90.55,25.75,91.72,,,,,,,,,,,,,,,,,,,,,,,,,,,,,,,,,,,,,,,,,,,,,,,,,,,,,,,,,,,,,,,,,
2018,Germany,100.00,84.24,83.46,47.00,62.73,14.26,85.83,44.52,30.64,96.12,,,,,,,,,,,,,,,,,,,,,,,,,,,,,,,,,,,,,,,,,,,,,,,,,,,,,,,,,,,,,,,,,
2018,Ghana,1.67,7.38,2.83,1.97,40.30,7.29,3.14,2.39,20.67,4.47,,,,,,,,,,,,,,,,,,,,,,,,,,,,,,,,,,,,,,,,,,,,,,,,,,,,,,,,,,,,,,,,,
2018,Greece,15.21,24.09,25.45,44.97,42.13,76.57,4.69,96.68,43.18,40.30,,,,,,,,,,,,,,,,,,,,,,,,,,,,,,,,,,,,,,,,,,,,,,,,,,,,,,,,,,,,,,,,,
2018,Guatemala,0.74,7.30,4.38,3.24,48.53,19.81,2.79,11.03,16.11,6.68,,,,,,,,,,,,,,,,,,,,,,,,,,,,,,,,,,,,,,,,,,,,,,,,,,,,,,,,,,,,,,,,,
2018,Hungary,19.16,29.31,26.01,9.25,53.52,20.47,1.62,42.64,0.62,23.04,,,,,,,,,,,,,,,,,,,,,,,,,,,,,,,,,,,,,,,,,,,,,,,,,,,,,,,,,,,,,,,,,
2018,India,27.83,21.06,6.19,30.68,55.54,28.46,29.42,81.77,98.07,45.05,,,,,,,,,,,,,,,,,,,,,,,,,,,,,,,,,,,,,,,,,,,,,,,,,,,,,,,,,,,,,,,,,
2018,Indonesia,9.79,19.34,3.33,11.37,61.30,35.18,5.05,35.53,45.15,22.29,,,,,,,,,,,,,,,,,,,,,,,,,,,,,,,,,,,,,,,,,,,,,,,,,,,,,,,,,,,,,,,,,
2018,Iran,1.78,0.00,0.00,1.07,9.66,0.00,30.30,14.92,27.15,2.16,,,,,,,,,,,,,,,,,,,,,,,,,,,,,,,,,,,,,,,,,,,,,,,,,,,,,,,,,,,,,,,,,
2018,Ireland,50.07,65.01,65.18,30.89,74.94,52.36,7.08,48.93,25.73,63.77,,,,,,,,,,,,,,,,,,,,,,,,,,,,,,,,,,,,,,,,,,,,,,,,,,,,,,,,,,,,,,,,,
2018,Israel,43.18,19.22,12.99,13.42,34.53,4.85,59.42,35.73,60.04,37.46,,,,,,,,,,,,,,,,,,,,,,,,,,,,,,,,,,,,,,,,,,,,,,,,,,,,,,,,,,,,,,,,,
2018,Italy,47.09,40.75,47.88,100.00,47.56,87.62,20.43,100.00,37.63,73.00,,,,,,,,,,,,,,,,,,,,,,,,,,,,,,,,,,,,,,,,,,,,,,,,,,,,,,,,,,,,,,,,,
2018,Japan,99.58,66.77,48.28,70.06,58.20,27.05,61.98,64.30,88.83,95.25,,,,,,,,,,,,,,,,,,,,,,,,,,,,,,,,,,,,,,,,,,,,,,,,,,,,,,,,,,,,,,,,,
2018,Jordan,2.68,4.23,2.06,3.74,30.28,6.04,10.25,23.39,27.45,5.78,,,,,,,,,,,,,,,,,,,,,,,,,,,,,,,,,,,,,,,,,,,,,,,,,,,,,,,,,,,,,,,,,
2018,Kazakhstan,1.79,7.56,2.40,1.49,31.35,4.61,6.53,7.50,30.23,4.98,,,,,,,,,,,,,,,,,,,,,,,,,,,,,,,,,,,,,,,,,,,,,,,,,,,,,,,,,,,,,,,,,
2018,Kenya,1.73,9.18,3.99,6.63,47.95,20.67,3.35,13.11,35.38,11.13,,,,,,,,,,,,,,,,,,,,,,,,,,,,,,,,,,,,,,,,,,,,,,,,,,,,,,,,,,,,,,,,,
2018,Latvia,8.12,15.88,15.59,2.02,46.15,11.66,0.38,8.21,10.08,10.71,,,,,,,,,,,,,,,,,,,,,,,,,,,,,,,,,,,,,,,,,,,,,,,,,,,,,,,,,,,,,,,,,
2018,Lebanon,3.19,2.64,1.75,5.82,24.56,8.17,6.62,24.87,18.29,3.34,,,,,,,,,,,,,,,,,,,,,,,,,,,,,,,,,,,,,,,,,,,,,,,,,,,,,,,,,,,,,,,,,
2018,Luxembourg,62.26,72.14,74.36,33.30,100.00,21.29,10.59,18.57,10.17,69.73,,,,,,,,,,,,,,,,,,,,,,,,,,,,,,,,,,,,,,,,,,,,,,,,,,,,,,,,,,,,,,,,,
2018,Malaysia,16.34,24.99,4.86,10.56,73.70,35.99,3.70,29.10,45.88,26.98,,,,,,,,,,,,,,,,,,,,,,,,,,,,,,,,,,,,,,,,,,,,,,,,,,,,,,,,,,,,,,,,,
2018,Mexico,11.90,17.48,10.37,39.28,49.44,65.56,6.65,82.69,41.03,32.58,,,,,,,,,,,,,,,,,,,,,,,,,,,,,,,,,,,,,,,,,,,,,,,,,,,,,,,,,,,,,,,,,
2018,Morocco,3.03,11.33,2.09,17.91,45.61,34.11,3.49,56.04,52.62,19.47,,,,,,,,,,,,,,,,,,,,,,,,,,,,,,,,,,,,,,,,,,,,,,,,,,,,,,,,,,,,,,,,,
2018,Myanmar,1.11,8.97,1.20,3.64,34.07,10.68,4.74,12.66,45.87,8.54,,,,,,,,,,,,,,,,,,,,,,,,,,,,,,,,,,,,,,,,,,,,,,,,,,,,,,,,,,,,,,,,,
2018,Netherlands,75.73,88.52,94.12,50.29,77.84,46.38,18.26,40.91,21.40,87.62,,,,,,,,,,,,,,,,,,,,,,,,,,,,,,,,,,,,,,,,,,,,,,,,,,,,,,,,,,,,,,,,,
2018,New Zealand,61.46,86.55,84.06,40.45,76.20,70.50,8.85,24.47,58.82,83.60,,,,,,,,,,,,,,,,,,,,,,,,,,,,,,,,,,,,,,,,,,,,,,,,,,,,,,,,,,,,,,,,,
2018,Nigeria,1.95,4.11,1.13,2.35,38.19,4.83,6.10,2.91,13.51,2.33,,,,,,,,,,,,,,,,,,,,,,,,,,,,,,,,,,,,,,,,,,,,,,,,,,,,,,,,,,,,,,,,,
2018,Norway,75.48,92.80,100.00,37.30,79.31,37.76,13.69,23.79,29.00,86.38,,,,,,,,,,,,,,,,,,,,,,,,,,,,,,,,,,,,,,,,,,,,,,,,,,,,,,,,,,,,,,,,,
2018,Oman,4.64,4.96,2.89,4.02,31.56,2.15,5.81,3.06,23.86,4.38,,,,,,,,,,,,,,,,,,,,,,,,,,,,,,,,,,,,,,,,,,,,,,,,,,,,,,,,,,,,,,,,,
2018,Pakistan,2.33,5.38,0.23,1.67,32.73,1.27,17.93,9.67,16.92,3.79,,,,,,,,,,,,,,,,,,,,,,,,,,,,,,,,,,,,,,,,,,,,,,,,,,,,,,,,,,,,,,,,,
2018,Panama,8.76,10.48,8.65,8.57,92.42,36.22,2.92,11.30,11.57,18.94,,,,,,,,,,,,,,,,,,,,,,,,,,,,,,,,,,,,,,,,,,,,,,,,,,,,,,,,,,,,,,,,,
2018,Peru,2.40,14.14,8.31,11.53,60.12,40.30,2.05,50.16,47.00,21.35,,,,,,,,,,,,,,,,,,,,,,,,,,,,,,,,,,,,,,,,,,,,,,,,,,,,,,,,,,,,,,,,,
2018,Philippines,9.31,18.08,4.84,12.33,51.48,46.33,4.44,21.97,32.53,18.85,,,,,,,,,,,,,,,,,,,,,,,,,,,,,,,,,,,,,,,,,,,,,,,,,,,,,,,,,,,,,,,,,
2018,Poland,31.22,39.42,40.11,10.45,52.85,19.75,4.85,38.17,0.00,32.12,,,,,,,,,,,,,,,,,,,,,,,,,,,,,,,,,,,,,,,,,,,,,,,,,,,,,,,,,,,,,,,,,
2018,Portugal,33.68,46.69,49.56,33.46,59.90,63.74,6.71,73.84,8.33,49.17,,,,,,,,,,,,,,,,,,,,,,,,,,,,,,,,,,,,,,,,,,,,,,,,,,,,,,,,,,,,,,,,,
2018,Qatar,25.54,14.21,6.75,18.33,50.59,2.83,19.02,0.00,58.37,25.92,,,,,,,,,,,,,,,,,,,,,,,,,,,,,,,,,,,,,,,,,,,,,,,,,,,,,,,,,,,,,,,,,
2018,Romania,9.60,17.99,12.65,6.39,44.87,21.02,2.09,28.22,2.29,12.31,,,,,,,,,,,,,,,,,,,,,,,,,,,,,,,,,,,,,,,,,,,,,,,,,,,,,,,,,,,,,,,,,
2018,Russian Federation,44.34,18.06,10.95,34.68,0.00,15.12,99.76,52.99,62.20,43.80,,,,,,,,,,,,,,,,,,,,,,,,,,,,,,,,,,,,,,,,,,,,,,,,,,,,,,,,,,,,,,,,,
2018,Saudi Arabia,19.56,17.52,3.01,15.45,14.21,1.82,57.01,14.35,56.62,23.55,,,,,,,,,,,,,,,,,,,,,,,,,,,,,,,,,,,,,,,,,,,,,,,,,,,,,,,,,,,,,,,,,
2018,Serbia,5.28,5.26,5.57,1.47,30.45,9.46,4.69,11.41,2.89,2.07,,,,,,,,,,,,,,,,,,,,,,,,,,,,,,,,,,,,,,,,,,,,,,,,,,,,,,,,,,,,,,,,,
2018,Singapore,77.59,52.32,28.43,48.92,73.38,33.45,15.80,34.46,95.61,72.53,,,,,,,,,,,,,,,,,,,,,,,,,,,,,,,,,,,,,,,,,,,,,,,,,,,,,,,,,,,,,,,,,
2018,Slovenia,11.12,18.12,14.45,3.33,51.45,15.36,0.00,13.51,7.09,12.82,,,,,,,,,,,,,,,,,,,,,,,,,,,,,,,,,,,,,,,,,,,,,,,,,,,,,,,,,,,,,,,,,
2018,South Africa,18.15,8.09,10.70,17.29,35.99,37.86,11.96,33.22,48.61,22.67,,,,,,,,,,,,,,,,,,,,,,,,,,,,,,,,,,,,,,,,,,,,,,,,,,,,,,,,,,,,,,,,,
2018,"Korea, Republic of",74.51,34.51,21.79,28.11,59.13,10.48,48.80,21.61,54.65,55.44,,,,,,,,,,,,,,,,,,,,,,,,,,,,,,,,,,,,,,,,,,,,,,,,,,,,,,,,,,,,,,,,,
2018,Spain,46.78,47.42,51.09,77.84,52.77,83.07,16.22,98.68,24.14,68.10,,,,,,,,,,,,,,,,,,,,,,,,,,,,,,,,,,,,,,,,,,,,,,,,,,,,,,,,,,,,,,,,,
2018,Sri Lanka,3.66,11.31,3.35,7.71,61.62,26.84,2.64,22.39,54.50,18.06,,,,,,,,,,,,,,,,,,,,,,,,,,,,,,,,,,,,,,,,,,,,,,,,,,,,,,,,,,,,,,,,,
2018,Sweden,86.66,95.83,96.69,52.83,82.31,41.36,19.35,28.55,27.21,93.98,,,,,,,,,,,,,,,,,,,,,,,,,,,,,,,,,,,,,,,,,,,,,,,,,,,,,,,,,,,,,,,,,
2018,Switzerland,88.83,91.00,98.31,55.88,92.82,44.42,27.49,36.81,40.27,100.00,,,,,,,,,,,,,,,,,,,,,,,,,,,,,,,,,,,,,,,,,,,,,,,,,,,,,,,,,,,,,,,,,
2018,Tanzania,0.00,7.16,3.24,4.82,43.87,17.76,3.28,5.05,41.85,9.37,,,,,,,,,,,,,,,,,,,,,,,,,,,,,,,,,,,,,,,,,,,,,,,,,,,,,,,,,,,,,,,,,
2018,Thailand,13.84,22.79,5.88,40.22,71.31,79.02,4.76,73.86,81.67,43.11,,,,,,,,,,,,,,,,,,,,,,,,,,,,,,,,,,,,,,,,,,,,,,,,,,,,,,,,,,,,,,,,,
2018,Tunisia,1.99,12.12,1.25,4.63,42.52,18.20,2.78,18.74,15.87,6.93,,,,,,,,,,,,,,,,,,,,,,,,,,,,,,,,,,,,,,,,,,,,,,,,,,,,,,,,,,,,,,,,,
2018,Turkey,14.61,15.33,4.14,27.55,20.95,36.82,30.20,74.93,43.15,25.55,,,,,,,,,,,,,,,,,,,,,,,,,,,,,,,,,,,,,,,,,,,,,,,,,,,,,,,,,,,,,,,,,
2018,Ukraine,8.51,5.32,7.81,4.32,23.87,13.74,9.97,13.62,11.08,5.45,,,,,,,,,,,,,,,,,,,,,,,,,,,,,,,,,,,,,,,,,,,,,,,,,,,,,,,,,,,,,,,,,
2018,United Arab Emirates,46.35,31.62,14.83,42.16,31.84,7.50,49.82,10.29,100.00,50.98,,,,,,,,,,,,,,,,,,,,,,,,,,,,,,,,,,,,,,,,,,,,,,,,,,,,,,,,,,,,,,,,,
2018,United Kingdom,91.86,67.71,81.27,71.48,62.40,26.28,85.61,65.05,22.29,95.77,,,,,,,,,,,,,,,,,,,,,,,,,,,,,,,,,,,,,,,,,,,,,,,,,,,,,,,,,,,,,,,,,
2018,United States,96.63,53.77,61.04,80.49,48.40,33.81,100.00,42.66,37.68,92.23,,,,,,,,,,,,,,,,,,,,,,,,,,,,,,,,,,,,,,,,,,,,,,,,,,,,,,,,,,,,,,,,,
2018,Uruguay,5.64,12.54,12.92,5.21,47.50,25.67,0.67,15.30,9.34,10.78,,,,,,,,,,,,,,,,,,,,,,,,,,,,,,,,,,,,,,,,,,,,,,,,,,,,,,,,,,,,,,,,,
2018,Viet Nam,7.40,17.66,2.26,7.90,55.90,22.69,9.75,37.20,57.44,21.29,,,,,,,,,,,,,,,,,,,,,,,,,,,,,,,,,,,,,,,,,,,,,,,,,,,,,,,,,,,,,,,,,
2019,Angola,0.47,3.81,2.69,1.99,29.81,7.15,4.16,0.00,15.63,2.22,,,,,,,,,,,,,,,,,,,,,,,,,,,,,,,,,,,,,,,,,,,,,,,,,,,,,,,,,,,,,,,,,
2019,Argentina,10.66,12.18,16.57,25.04,31.06,65.88,4.33,45.02,15.48,18.49,,,,,,,,,,,,,,,,,,,,,,,,,,,,,,,,,,,,,,,,,,,,,,,,,,,,,,,,,,,,,,,,,
2019,Australia,75.06,90.29,89.04,57.25,70.88,65.51,28.09,30.37,44.83,93.03,,,,,,,,,,,,,,,,,,,,,,,,,,,,,,,,,,,,,,,,,,,,,,,,,,,,,,,,,,,,,,,,,
2019,Azerbaijan,0.94,6.62,4.37,1.50,31.93,7.01,6.37,5.40,29.80,7.31,,,,,,,,,,,,,,,,,,,,,,,,,,,,,,,,,,,,,,,,,,,,,,,,,,,,,,,,,,,,,,,,,
2019,Belarus,5.78,7.84,6.98,2.46,21.42,13.88,9.24,8.78,11.39,4.67,,,,,,,,,,,,,,,,,,,,,,,,,,,,,,,,,,,,,,,,,,,,,,,,,,,,,,,,,,,,,,,,,
2019,Belgium,70.58,74.05,83.13,37.42,68.29,29.11,16.61,37.03,9.75,70.91,,,,,,,,,,,,,,,,,,,,,,,,,,,,,,,,,,,,,,,,,,,,,,,,,,,,,,,,,,,,,,,,,
2019,Brazil,12.83,9.17,13.81,58.33,38.33,100.00,11.31,52.65,66.97,40.58,,,,,,,,,,,,,,,,,,,,,,,,,,,,,,,,,,,,,,,,,,,,,,,,,,,,,,,,,,,,,,,,,
2019,Bulgaria,6.48,20.80,13.13,0.71,41.01,17.41,1.11,13.14,0.00,7.95,,,,,,,,,,,,,,,,,,,,,,,,,,,,,,,,,,,,,,,,,,,,,,,,,,,,,,,,,,,,,,,,,
2019,Canada,88.43,100.00,97.46,49.67,77.94,43.74,42.88,21.63,25.89,96.85,,,,,,,,,,,,,,,,,,,,,,,,,,,,,,,,,,,,,,,,,,,,,,,,,,,,,,,,,,,,,,,,,
2019,Chile,6.15,16.06,12.85,9.05,46.04,39.97,2.71,29.17,17.80,14.88,,,,,,,,,,,,,,,,,,,,,,,,,,,,,,,,,,,,,,,,,,,,,,,,,,,,,,,,,,,,,,,,,
2019,China,68.46,42.59,11.35,41.32,51.62,15.12,93.23,65.83,85.85,73.87,,,,,,,,,,,,,,,,,,,,,,,,,,,,,,,,,,,,,,,,,,,,,,,,,,,,,,,,,,,,,,,,,
2019,Colombia,3.09,9.07,6.64,10.75,27.24,45.04,5.24,19.20,13.35,8.08,,,,,,,,,,,,,,,,,,,,,,,,,,,,,,,,,,,,,,,,,,,,,,,,,,,,,,,,,,,,,,,,,
2019,Costa Rica,2.35,15.93,11.13,19.95,62.08,65.77,1.16,15.32,23.12,19.83,,,,,,,,,,,,,,,,,,,,,,,,,,,,,,,,,,,,,,,,,,,,,,,,,,,,,,,,,,,,,,,,,
2019,Croatia,13.48,28.09,21.36,24.68,51.38,46.81,0.91,25.40,25.45,27.40,,,,,,,,,,,,,,,,,,,,,,,,,,,,,,,,,,,,,,,,,,,,,,,,,,,,,,,,,,,,,,,,,
2019,Czechia,20.76,32.91,32.44,9.03,42.59,25.47,2.30,31.63,2.46,22.52,,,,,,,,,,,,,,,,,,,,,,,,,,,,,,,,,,,,,,,,,,,,,,,,,,,,,,,,,,,,,,,,,
2019,Denmark,73.88,95.30,94.77,41.84,79.56,35.08,12.72,21.38,15.60,82.57,,,,,,,,,,,,,,,,,,,,,,,,,,,,,,,,,,,,,,,,,,,,,,,,,,,,,,,,,,,,,,,,,
2019,Dominican Republic,1.51,15.59,7.50,14.91,63.57,56.27,2.26,11.03,20.92,16.96,,,,,,,,,,,,,,,,,,,,,,,,,,,,,,,,,,,,,,,,,,,,,,,,,,,,,,,,,,,,,,,,,
2019,Ecuador,2.23,12.64,7.92,5.95,46.90,31.70,2.80,13.93,22.94,11.93,,,,,,,,,,,,,,,,,,,,,,,,,,,,,,,,,,,,,,,,,,,,,,,,,,,,,,,,,,,,,,,,,
2019,Egypt,5.34,4.58,2.57,23.67,23.88,22.36,12.11,61.17,69.01,23.00,,,,,,,,,,,,,,,,,,,,,,,,,,,,,,,,,,,,,,,,,,,,,,,,,,,,,,,,,,,,,,,,,
2019,Estonia,9.25,16.38,17.95,5.94,53.48,14.18,0.00,8.79,18.52,15.71,,,,,,,,,,,,,,,,,,,,,,,,,,,,,,,,,,,,,,,,,,,,,,,,,,,,,,,,,,,,,,,,,
2019,Finland,71.14,91.04,95.39,32.90,76.76,41.49,7.56,18.27,28.93,81.24,,,,,,,,,,,,,,,,,,,,,,,,,,,,,,,,,,,,,,,,,,,,,,,,,,,,,,,,,,,,,,,,,
2019,France,70.11,56.22,72.97,97.62,51.52,50.99,66.90,89.07,20.77,87.10,,,,,,,,,,,,,,,,,,,,,,,,,,,,,,,,,,,,,,,,,,,,,,,,,,,,,,,,,,,,,,,,,
2019,Germany,99.81,82.97,80.14,50.40,58.96,15.60,85.51,44.63,29.89,96.04,,,,,,,,,,,,,,,,,,,,,,,,,,,,,,,,,,,,,,,,,,,,,,,,,,,,,,,,,,,,,,,,,
2019,Ghana,0.00,8.61,2.38,2.84,42.27,7.68,3.96,0.75,25.65,7.38,,,,,,,,,,,,,,,,,,,,,,,,,,,,,,,,,,,,,,,,,,,,,,,,,,,,,,,,,,,,,,,,,
2019,Greece,16.39,25.03,24.20,45.87,41.95,79.72,7.09,95.16,37.67,37.90,,,,,,,,,,,,,,,,,,,,,,,,,,,,,,,,,,,,,,,,,,,,,,,,,,,,,,,,,,,,,,,,,
2019,Guatemala,0.12,9.34,4.57,2.43,50.92,18.06,2.96,6.99,19.53,8.19,,,,,,,,,,,,,,,,,,,,,,,,,,,,,,,,,,,,,,,,,,,,,,,,,,,,,,,,,,,,,,,,,
2019,Hungary,17.04,28.20,22.67,9.63,49.33,24.94,1.44,35.43,1.07,18.83,,,,,,,,,,,,,,,,,,,,,,,,,,,,,,,,,,,,,,,,,,,,,,,,,,,,,,,,,,,,,,,,,
2019,India,27.22,19.81,5.56,30.16,55.18,22.91,25.13,79.15,79.48,43.49,,,,,,,,,,,,,,,,,,,,,,,,,,,,,,,,,,,,,,,,,,,,,,,,,,,,,,,,,,,,,,,,,
2019,Indonesia,7.29,18.36,3.50,9.10,59.43,31.59,5.82,29.32,38.92,20.42,,,,,,,,,,,,,,,,,,,,,,,,,,,,,,,,,,,,,,,,,,,,,,,,,,,,,,,,,,,,,,,,,
2019,Iran,1.55,0.58,0.00,2.04,0.00,0.34,31.53,12.41,19.31,1.87,,,,,,,,,,,,,,,,,,,,,,,,,,,,,,,,,,,,,,,,,,,,,,,,,,,,,,,,,,,,,,,,,
2019,Iraq,1.28,0.00,0.41,0.88,6.07,0.00,22.05,10.64,15.43,0.00,,,,,,,,,,,,,,,,,,,,,,,,,,,,,,,,,,,,,,,,,,,,,,,,,,,,,,,,,,,,,,,,,
2019,Ireland,47.88,62.84,63.93,34.93,72.67,52.84,5.80,50.44,24.70,60.96,,,,,,,,,,,,,,,,,,,,,,,,,,,,,,,,,,,,,,,,,,,,,,,,,,,,,,,,,,,,,,,,,
2019,Israel,40.37,18.20,12.55,13.91,27.07,3.99,60.00,32.07,58.92,39.52,,,,,,,,,,,,,,,,,,,,,,,,,,,,,,,,,,,,,,,,,,,,,,,,,,,,,,,,,,,,,,,,,
2019,Italy,47.75,39.88,47.36,100.00,45.03,85.78,22.33,100.00,34.11,69.04,,,,,,,,,,,,,,,,,,,,,,,,,,,,,,,,,,,,,,,,,,,,,,,,,,,,,,,,,,,,,,,,,
2019,Japan,100.00,69.31,48.09,70.88,58.34,26.58,60.13,66.92,77.62,97.94,,,,,,,,,,,,,,,,,,,,,,,,,,,,,,,,,,,,,,,,,,,,,,,,,,,,,,,,,,,,,,,,,
2019,Jordan,2.73,3.49,2.03,2.57,31.63,5.69,9.35,18.89,20.33,5.16,,,,,,,,,,,,,,,,,,,,,,,,,,,,,,,,,,,,,,,,,,,,,,,,,,,,,,,,,,,,,,,,,
2019,Kazakhstan,1.15,8.34,2.31,0.00,27.57,5.60,6.91,3.68,35.75,7.69,,,,,,,,,,,,,,,,,,,,,,,,,,,,,,,,,,,,,,,,,,,,,,,,,,,,,,,,,,,,,,,,,
2019,Latvia,8.78,17.64,19.35,3.68,49.77,15.85,0.07,8.99,12.28,13.81,,,,,,,,,,,,,,,,,,,,,,,,,,,,,,,,,,,,,,,,,,,,,,,,,,,,,,,,,,,,,,,,,
2019,Lebanon,1.43,1.30,1.77,4.69,24.82,6.90,8.68,19.52,20.85,3.85,,,,,,,,,,,,,,,,,,,,,,,,,,,,,,,,,,,,,,,,,,,,,,,,,,,,,,,,,,,,,,,,,
2019,Lithuania,10.31,14.19,18.55,3.05,49.39,10.95,0.65,8.35,8.85,12.14,,,,,,,,,,,,,,,,,,,,,,,,,,,,,,,,,,,,,,,,,,,,,,,,,,,,,,,,,,,,,,,,,
2019,Luxembourg,56.59,66.37,72.23,33.85,100.00,22.61,8.62,14.52,9.65,64.68,,,,,,,,,,,,,,,,,,,,,,,,,,,,,,,,,,,,,,,,,,,,,,,,,,,,,,,,,,,,,,,,,
2019,Malaysia,15.68,22.78,5.52,12.66,66.65,31.95,3.63,28.56,41.36,26.14,,,,,,,,,,,,,,,,,,,,,,,,,,,,,,,,,,,,,,,,,,,,,,,,,,,,,,,,,,,,,,,,,
2019,Mexico,9.76,16.43,7.56,34.02,40.66,67.55,8.33,79.54,41.64,27.81,,,,,,,,,,,,,,,,,,,,,,,,,,,,,,,,,,,,,,,,,,,,,,,,,,,,,,,,,,,,,,,,,
2019,Morocco,2.36,10.23,2.50,15.32,45.27,31.00,3.37,44.42,57.17,20.59,,,,,,,,,,,,,,,,,,,,,,,,,,,,,,,,,,,,,,,,,,,,,,,,,,,,,,,,,,,,,,,,,
2019,Myanmar,0.87,9.94,2.22,3.24,38.48,11.08,4.61,8.74,40.66,11.32,,,,,,,,,,,,,,,,,,,,,,,,,,,,,,,,,,,,,,,,,,,,,,,,,,,,,,,,,,,,,,,,,
2019,Netherlands,74.75,87.87,95.34,49.54,74.71,47.16,16.08,34.86,22.05,85.03,,,,,,,,,,,,,,,,,,,,,,,,,,,,,,,,,,,,,,,,,,,,,,,,,,,,,,,,,,,,,,,,,
2019,New Zealand,59.26,84.95,85.13,41.34,74.65,69.71,9.29,24.58,52.67,82.87,,,,,,,,,,,,,,,,,,,,,,,,,,,,,,,,,,,,,,,,,,,,,,,,,,,,,,,,,,,,,,,,,
2019,Nigeria,2.14,5.19,1.17,3.78,36.98,5.29,5.92,3.16,16.41,4.44,,,,,,,,,,,,,,,,,,,,,,,,,,,,,,,,,,,,,,,,,,,,,,,,,,,,,,,,,,,,,,,,,
2019,Norway,74.43,94.46,100.00,39.49,77.19,39.63,14.54,25.68,34.34,87.86,,,,,,,,,,,,,,,,,,,,,,,,,,,,,,,,,,,,,,,,,,,,,,,,,,,,,,,,,,,,,,,,,
2019,Oman,3.09,5.81,3.06,3.12,34.64,3.83,6.96,1.53,31.02,8.29,,,,,,,,,,,,,,,,,,,,,,,,,,,,,,,,,,,,,,,,,,,,,,,,,,,,,,,,,,,,,,,,,
2019,Pakistan,2.09,5.55,1.11,0.57,25.12,1.62,18.31,7.61,17.62,4.20,,,,,,,,,,,,,,,,,,,,,,,,,,,,,,,,,,,,,,,,,,,,,,,,,,,,,,,,,,,,,,,,,
2019,Panama,6.38,6.47,6.39,5.67,86.11,32.59,3.20,7.75,15.24,14.94,,,,,,,,,,,,,,,,,,,,,,,,,,,,,,,,,,,,,,,,,,,,,,,,,,,,,,,,,,,,,,,,,
2019,Peru,3.26,14.84,7.72,15.40,53.68,42.58,2.79,48.83,33.44,19.23,,,,,,,,,,,,,,,,,,,,,,,,,,,,,,,,,,,,,,,,,,,,,,,,,,,,,,,,,,,,,,,,,
2019,Philippines,7.12,19.03,4.94,11.09,56.20,42.27,5.05,22.76,21.14,16.86,,,,,,,,,,,,,,,,,,,,,,,,,,,,,,,,,,,,,,,,,,,,,,,,,,,,,,,,,,,,,,,,,
2019,Poland,29.84,37.00,34.34,11.07,47.27,22.46,6.39,41.89,5.14,28.71,,,,,,,,,,,,,,,,,,,,,,,,,,,,,,,,,,,,,,,,,,,,,,,,,,,,,,,,,,,,,,,,,
2019,Portugal,34.55,45.15,47.31,35.70,59.02,62.63,5.72,76.09,10.43,45.30,,,,,,,,,,,,,,,,,,,,,,,,,,,,,,,,,,,,,,,,,,,,,,,,,,,,,,,,,,,,,,,,,
2019,Qatar,28.69,21.59,8.07,22.41,32.45,5.59,16.99,2.15,61.21,32.29,,,,,,,,,,,,,,,,,,,,,,,,,,,,,,,,,,,,,,,,,,,,,,,,,,,,,,,,,,,,,,,,,
2019,Romania,7.31,18.55,10.54,5.01,40.61,23.00,1.63,21.87,3.41,9.19,,,,,,,,,,,,,,,,,,,,,,,,,,,,,,,,,,,,,,,,,,,,,,,,,,,,,,,,,,,,,,,,,
2019,Russian Federation,46.27,19.30,10.53,40.11,0.37,19.20,98.57,54.31,61.12,50.09,,,,,,,,,,,,,,,,,,,,,,,,,,,,,,,,,,,,,,,,,,,,,,,,,,,,,,,,,,,,,,,,,
2019,Saudi Arabia,23.05,18.52,3.51,15.02,11.48,1.41,53.52,12.23,65.28,30.90,,,,,,,,,,,,,,,,,,,,,,,,,,,,,,,,,,,,,,,,,,,,,,,,,,,,,,,,,,,,,,,,,
2019,Serbia,5.01,6.20,6.75,1.68,29.26,11.70,5.04,10.17,5.93,3.02,,,,,,,,,,,,,,,,,,,,,,,,,,,,,,,,,,,,,,,,,,,,,,,,,,,,,,,,,,,,,,,,,
2019,Singapore,74.77,50.11,26.54,43.96,78.93,38.62,18.80,30.73,95.39,76.61,,,,,,,,,,,,,,,,,,,,,,,,,,,,,,,,,,,,,,,,,,,,,,,,,,,,,,,,,,,,,,,,,
2019,Slovakia,10.12,16.28,18.87,4.10,50.22,17.86,0.41,13.59,2.93,11.93,,,,,,,,,,,,,,,,,,,,,,,,,,,,,,,,,,,,,,,,,,,,,,,,,,,,,,,,,,,,,,,,,
2019,Slovenia,9.19,18.07,15.87,7.19,48.17,19.55,0.35,13.23,9.07,13.24,,,,,,,,,,,,,,,,,,,,,,,,,,,,,,,,,,,,,,,,,,,,,,,,,,,,,,,,,,,,,,,,,
2019,South Africa,15.64,8.00,12.51,17.29,29.88,38.55,9.87,31.32,62.12,26.43,,,,,,,,,,,,,,,,,,,,,,,,,,,,,,,,,,,,,,,,,,,,,,,,,,,,,,,,,,,,,,,,,
2019,"Korea, Republic of",75.96,37.16,21.23,31.29,47.70,11.61,51.36,20.87,56.32,60.08,,,,,,,,,,,,,,,,,,,,,,,,,,,,,,,,,,,,,,,,,,,,,,,,,,,,,,,,,,,,,,,,,
2019,Spain,44.50,41.92,47.36,83.95,47.39,85.11,17.54,98.00,27.26,63.09,,,,,,,,,,,,,,,,,,,,,,,,,,,,,,,,,,,,,,,,,,,,,,,,,,,,,,,,,,,,,,,,,
2019,Sri Lanka,2.51,11.98,2.78,10.36,56.41,24.30,3.41,20.38,51.06,19.42,,,,,,,,,,,,,,,,,,,,,,,,,,,,,,,,,,,,,,,,,,,,,,,,,,,,,,,,,,,,,,,,,
2019,Sweden,84.85,97.73,97.30,52.13,81.10,42.30,18.40,28.02,28.70,93.40,,,,,,,,,,,,,,,,,,,,,,,,,,,,,,,,,,,,,,,,,,,,,,,,,,,,,,,,,,,,,,,,,
2019,Switzerland,89.46,92.06,97.31,55.42,91.43,46.52,30.05,33.67,39.15,100.00,,,,,,,,,,,,,,,,,,,,,,,,,,,,,,,,,,,,,,,,,,,,,,,,,,,,,,,,,,,,,,,,,
2019,Tanzania,0.13,9.44,3.18,4.82,42.10,17.59,3.49,4.40,50.15,14.32,,,,,,,,,,,,,,,,,,,,,,,,,,,,,,,,,,,,,,,,,,,,,,,,,,,,,,,,,,,,,,,,,
2019,Thailand,14.42,24.20,5.38,39.57,75.77,73.49,4.35,73.23,75.84,43.92,,,,,,,,,,,,,,,,,,,,,,,,,,,,,,,,,,,,,,,,,,,,,,,,,,,,,,,,,,,,,,,,,
2019,Tunisia,1.69,7.78,1.24,3.64,40.08,14.15,3.16,14.84,14.16,4.96,,,,,,,,,,,,,,,,,,,,,,,,,,,,,,,,,,,,,,,,,,,,,,,,,,,,,,,,,,,,,,,,,
2019,Turkey,14.80,17.72,5.45,26.50,22.87,37.40,27.48,76.02,50.38,28.42,,,,,,,,,,,,,,,,,,,,,,,,,,,,,,,,,,,,,,,,,,,,,,,,,,,,,,,,,,,,,,,,,
2019,Ukraine,9.09,9.77,6.90,8.41,26.67,18.83,8.16,15.51,11.14,8.10,,,,,,,,,,,,,,,,,,,,,,,,,,,,,,,,,,,,,,,,,,,,,,,,,,,,,,,,,,,,,,,,,
2019,United Arab Emirates,48.05,30.84,13.53,42.73,33.17,7.36,49.06,9.74,100.00,59.37,,,,,,,,,,,,,,,,,,,,,,,,,,,,,,,,,,,,,,,,,,,,,,,,,,,,,,,,,,,,,,,,,
2019,United Kingdom,88.76,71.27,81.81,73.14,56.70,25.77,84.41,63.85,18.93,93.60,,,,,,,,,,,,,,,,,,,,,,,,,,,,,,,,,,,,,,,,,,,,,,,,,,,,,,,,,,,,,,,,,
2019,United States,96.76,53.34,57.33,80.14,42.54,32.61,100.00,43.50,38.70,92.19,,,,,,,,,,,,,,,,,,,,,,,,,,,,,,,,,,,,,,,,,,,,,,,,,,,,,,,,,,,,,,,,,
2019,Uruguay,6.48,16.75,12.57,7.28,46.56,28.60,1.10,16.24,9.35,11.82,,,,,,,,,,,,,,,,,,,,,,,,,,,,,,,,,,,,,,,,,,,,,,,,,,,,,,,,,,,,,,,,,
2019,Viet Nam,7.77,19.49,3.02,8.58,56.27,26.60,9.40,44.78,54.44,24.39,,,,,,,,,,,,,,,,,,,,,,,,,,,,,,,,,,,,,,,,,,,,,,,,,,,,,,,,,,,,,,,,,
2020,Argentina,9.58,8.15,14.40,27.53,28.84,71.49,5.08,46.80,35.25,21.44,,,,,,,,,,,,,,,,,,,,,,,,,,,,,,,,,,,,,,,,,,,,,,,,,,,,,,,,,,,,,,,,,
2020,Australia,74.79,90.34,90.30,56.47,71.96,68.12,26.13,33.81,50.63,95.33,,,,,,,,,,,,,,,,,,,,,,,,,,,,,,,,,,,,,,,,,,,,,,,,,,,,,,,,,,,,,,,,,
2020,Austria,62.37,76.84,79.34,35.39,68.40,41.97,12.53,44.88,13.02,68.79,,,,,,,,,,,,,,,,,,,,,,,,,,,,,,,,,,,,,,,,,,,,,,,,,,,,,,,,,,,,,,,,,
2020,Azerbaijan,1.37,4.31,2.99,0.71,36.40,7.73,5.22,4.06,30.49,6.45,,,,,,,,,,,,,,,,,,,,,,,,,,,,,,,,,,,,,,,,,,,,,,,,,,,,,,,,,,,,,,,,,
2020,Belarus,6.78,4.33,4.58,1.41,22.24,12.64,8.85,5.35,12.36,2.49,,,,,,,,,,,,,,,,,,,,,,,,,,,,,,,,,,,,,,,,,,,,,,,,,,,,,,,,,,,,,,,,,
2020,Bolivia,0.00,7.04,5.07,2.38,44.17,17.14,3.38,9.18,21.42,6.61,,,,,,,,,,,,,,,,,,,,,,,,,,,,,,,,,,,,,,,,,,,,,,,,,,,,,,,,,,,,,,,,,
2020,Brazil,14.40,9.99,13.88,58.68,33.56,100.00,13.36,62.12,66.72,41.16,,,,,,,,,,,,,,,,,,,,,,,,,,,,,,,,,,,,,,,,,,,,,,,,,,,,,,,,,,,,,,,,,
2020,Bulgaria,5.42,17.49,11.43,2.06,44.89,16.08,0.94,11.79,5.67,7.65,,,,,,,,,,,,,,,,,,,,,,,,,,,,,,,,,,,,,,,,,,,,,,,,,,,,,,,,,,,,,,,,,
2020,Canada,87.72,100.00,98.60,50.39,81.61,46.04,45.22,22.37,28.53,99.37,,,,,,,,,,,,,,,,,,,,,,,,,,,,,,,,,,,,,,,,,,,,,,,,,,,,,,,,,,,,,,,,,
2020,Chile,6.91,14.30,12.73,11.57,50.65,41.34,2.26,26.53,25.93,17.18,,,,,,,,,,,,,,,,,,,,,,,,,,,,,,,,,,,,,,,,,,,,,,,,,,,,,,,,,,,,,,,,,
2020,China,73.80,43.65,13.84,45.56,58.38,15.10,91.97,68.12,79.06,77.72,,,,,,,,,,,,,,,,,,,,,,,,,,,,,,,,,,,,,,,,,,,,,,,,,,,,,,,,,,,,,,,,,
2020,Colombia,4.81,9.73,5.63,11.88,37.12,44.99,4.36,22.47,21.22,11.09,,,,,,,,,,,,,,,,,,,,,,,,,,,,,,,,,,,,,,,,,,,,,,,,,,,,,,,,,,,,,,,,,
2020,Costa Rica,3.01,13.65,8.68,21.35,63.18,71.53,1.89,19.00,38.50,23.16,,,,,,,,,,,,,,,,,,,,,,,,,,,,,,,,,,,,,,,,,,,,,,,,,,,,,,,,,,,,,,,,,
2020,Croatia,12.29,22.81,17.44,19.74,49.89,44.37,1.03,27.64,15.01,20.54,,,,,,,,,,,,,,,,,,,,,,,,,,,,,,,,,,,,,,,,,,,,,,,,,,,,,,,,,,,,,,,,,
2020,Czechia,21.40,30.56,30.19,8.96,46.45,23.70,3.29,28.45,10.12,23.26,,,,,,,,,,,,,,,,,,,,,,,,,,,,,,,,,,,,,,,,,,,,,,,,,,,,,,,,,,,,,,,,,
2020,Denmark,71.37,94.63,96.00,40.68,80.95,36.82,13.29,21.80,18.17,83.04,,,,,,,,,,,,,,,,,,,,,,,,,,,,,,,,,,,,,,,,,,,,,,,,,,,,,,,,,,,,,,,,,
2020,Dominican Republic,1.23,11.77,5.95,15.56,57.98,50.78,2.35,11.97,30.50,16.67,,,,,,,,,,,,,,,,,,,,,,,,,,,,,,,,,,,,,,,,,,,,,,,,,,,,,,,,,,,,,,,,,
2020,Ecuador,1.12,6.59,4.95,4.78,42.37,25.53,2.50,9.51,15.60,5.76,,,,,,,,,,,,,,,,,,,,,,,,,,,,,,,,,,,,,,,,,,,,,,,,,,,,,,,,,,,,,,,,,
2020,Egypt,6.22,9.22,2.31,24.44,24.66,25.03,13.34,63.60,78.51,27.35,,,,,,,,,,,,,,,,,,,,,,,,,,,,,,,,,,,,,,,,,,,,,,,,,,,,,,,,,,,,,,,,,
2020,Estonia,9.81,12.50,16.45,2.68,55.40,10.01,0.10,6.74,0.00,8.74,,,,,,,,,,,,,,,,,,,,,,,,,,,,,,,,,,,,,,,,,,,,,,,,,,,,,,,,,,,,,,,,,
2020,Finland,66.44,83.42,92.91,33.45,77.86,40.50,7.91,20.06,34.75,79.87,,,,,,,,,,,,,,,,,,,,,,,,,,,,,,,,,,,,,,,,,,,,,,,,,,,,,,,,,,,,,,,,,
2020,France,68.54,56.04,72.95,93.86,53.25,56.22,66.59,90.92,24.11,87.19,,,,,,,,,,,,,,,,,,,,,,,,,,,,,,,,,,,,,,,,,,,,,,,,,,,,,,,,,,,,,,,,,
2020,Germany,100.00,83.38,81.32,48.85,61.57,16.72,85.95,45.38,26.76,96.54,,,,,,,,,,,,,,,,,,,,,,,,,,,,,,,,,,,,,,,,,,,,,,,,,,,,,,,,,,,,,,,,,
2020,Ghana,0.94,5.62,1.80,2.57,48.36,6.46,3.34,2.06,13.26,3.83,,,,,,,,,,,,,,,,,,,,,,,,,,,,,,,,,,,,,,,,,,,,,,,,,,,,,,,,,,,,,,,,,
2020,Greece,15.91,27.47,28.66,50.00,45.24,86.23,5.87,97.61,42.79,41.89,,,,,,,,,,,,,,,,,,,,,,,,,,,,,,,,,,,,,,,,,,,,,,,,,,,,,,,,,,,,,,,,,
2020,Guatemala,0.11,6.24,2.61,0.00,46.37,13.88,4.22,5.74,16.73,4.44,,,,,,,,,,,,,,,,,,,,,,,,,,,,,,,,,,,,,,,,,,,,,,,,,,,,,,,,,,,,,,,,,
2020,India,27.29,19.91,5.33,31.03,50.43,24.23,27.88,79.63,83.46,45.28,,,,,,,,,,,,,,,,,,,,,,,,,,,,,,,,,,,,,,,,,,,,,,,,,,,,,,,,,,,,,,,,,
2020,Indonesia,9.31,19.80,3.92,13.03,57.62,31.98,6.03,32.92,39.00,22.00,,,,,,,,,,,,,,,,,,,,,,,,,,,,,,,,,,,,,,,,,,,,,,,,,,,,,,,,,,,,,,,,,
2020,Israel,37.91,12.31,12.96,12.96,30.73,5.39,58.91,33.76,53.00,36.72,,,,,,,,,,,,,,,,,,,,,,,,,,,,,,,,,,,,,,,,,,,,,,,,,,,,,,,,,,,,,,,,,
2020,Italy,47.54,41.90,48.64,100.00,49.90,91.43,23.53,100.00,42.32,72.93,,,,,,,,,,,,,,,,,,,,,,,,,,,,,,,,,,,,,,,,,,,,,,,,,,,,,,,,,,,,,,,,,
2020,Japan,93.54,65.55,50.16,70.38,57.14,32.21,62.27,69.75,78.32,97.89,,,,,,,,,,,,,,,,,,,,,,,,,,,,,,,,,,,,,,,,,,,,,,,,,,,,,,,,,,,,,,,,,
2020,Jordan,2.47,3.34,2.29,4.05,34.32,8.25,8.98,19.76,20.87,5.25,,,,,,,,,,,,,,,,,,,,,,,,,,,,,,,,,,,,,,,,,,,,,,,,,,,,,,,,,,,,,,,,,
2020,Kazakhstan,0.61,4.91,1.75,0.01,29.93,5.22,7.76,3.21,26.60,4.24,,,,,,,,,,,,,,,,,,,,,,,,,,,,,,,,,,,,,,,,,,,,,,,,,,,,,,,,,,,,,,,,,
2020,Kenya,1.60,8.86,2.55,6.18,42.73,18.46,3.82,7.66,31.04,10.00,,,,,,,,,,,,,,,,,,,,,,,,,,,,,,,,,,,,,,,,,,,,,,,,,,,,,,,,,,,,,,,,,
2020,Latvia,7.24,11.49,12.90,0.73,46.61,10.31,0.42,4.45,3.75,6.19,,,,,,,,,,,,,,,,,,,,,,,,,,,,,,,,,,,,,,,,,,,,,,,,,,,,,,,,,,,,,,,,,
2020,Lebanon,2.10,1.66,0.75,4.41,25.57,6.76,7.73,19.12,9.43,0.00,,,,,,,,,,,,,,,,,,,,,,,,,,,,,,,,,,,,,,,,,,,,,,,,,,,,,,,,,,,,,,,,,
2020,Lithuania,7.61,12.06,12.51,0.65,50.93,9.59,0.58,5.97,2.44,6.65,,,,,,,,,,,,,,,,,,,,,,,,,,,,,,,,,,,,,,,,,,,,,,,,,,,,,,,,,,,,,,,,,
2020,Luxembourg,57.03,65.75,71.32,32.12,100.00,19.53,9.59,10.23,14.65,65.41,,,,,,,,,,,,,,,,,,,,,,,,,,,,,,,,,,,,,,,,,,,,,,,,,,,,,,,,,,,,,,,,,
2020,Malaysia,15.61,24.81,6.23,16.04,77.05,37.42,3.20,30.96,41.53,29.36,,,,,,,,,,,,,,,,,,,,,,,,,,,,,,,,,,,,,,,,,,,,,,,,,,,,,,,,,,,,,,,,,
2020,Mexico,11.65,16.52,8.73,38.97,41.87,65.81,7.75,81.97,39.44,28.94,,,,,,,,,,,,,,,,,,,,,,,,,,,,,,,,,,,,,,,,,,,,,,,,,,,,,,,,,,,,,,,,,
2020,Morocco,3.03,11.01,2.36,18.34,48.04,35.93,3.25,46.52,56.33,22.02,,,,,,,,,,,,,,,,,,,,,,,,,,,,,,,,,,,,,,,,,,,,,,,,,,,,,,,,,,,,,,,,,
2020,Myanmar,0.92,6.90,0.49,1.75,39.30,8.58,4.72,5.65,34.52,7.99,,,,,,,,,,,,,,,,,,,,,,,,,,,,,,,,,,,,,,,,,,,,,,,,,,,,,,,,,,,,,,,,,
2020,Netherlands,74.21,88.65,96.41,50.30,78.54,52.94,17.05,37.09,27.79,88.22,,,,,,,,,,,,,,,,,,,,,,,,,,,,,,,,,,,,,,,,,,,,,,,,,,,,,,,,,,,,,,,,,
2020,New Zealand,58.64,85.27,90.10,42.63,75.90,72.34,10.61,25.34,60.60,87.49,,,,,,,,,,,,,,,,,,,,,,,,,,,,,,,,,,,,,,,,,,,,,,,,,,,,,,,,,,,,,,,,,
2020,Norway,71.50,90.96,96.44,39.54,77.66,41.53,15.06,18.38,40.20,87.57,,,,,,,,,,,,,,,,,,,,,,,,,,,,,,,,,,,,,,,,,,,,,,,,,,,,,,,,,,,,,,,,,
2020,Oman,3.16,4.95,1.90,1.76,30.66,2.48,6.30,0.38,14.71,2.09,,,,,,,,,,,,,,,,,,,,,,,,,,,,,,,,,,,,,,,,,,,,,,,,,,,,,,,,,,,,,,,,,
2020,Panama,6.36,8.55,6.32,7.12,77.09,33.89,2.37,7.78,18.82,14.78,,,,,,,,,,,,,,,,,,,,,,,,,,,,,,,,,,,,,,,,,,,,,,,,,,,,,,,,,,,,,,,,,
2020,Peru,1.34,10.27,5.04,13.52,51.94,38.16,2.72,39.19,39.26,17.11,,,,,,,,,,,,,,,,,,,,,,,,,,,,,,,,,,,,,,,,,,,,,,,,,,,,,,,,,,,,,,,,,
2020,Philippines,8.44,19.90,5.30,14.22,61.54,45.83,4.09,20.90,27.38,20.01,,,,,,,,,,,,,,,,,,,,,,,,,,,,,,,,,,,,,,,,,,,,,,,,,,,,,,,,,,,,,,,,,
2020,Poland,28.10,39.94,35.88,11.17,51.35,21.95,5.90,35.86,3.41,28.56,,,,,,,,,,,,,,,,,,,,,,,,,,,,,,,,,,,,,,,,,,,,,,,,,,,,,,,,,,,,,,,,,
2020,Portugal,33.17,45.83,45.14,39.49,58.13,73.27,6.00,75.26,13.85,46.06,,,,,,,,,,,,,,,,,,,,,,,,,,,,,,,,,,,,,,,,,,,,,,,,,,,,,,,,,,,,,,,,,
2020,Qatar,23.89,17.21,5.45,19.47,37.20,5.06,20.37,0.00,67.79,31.85,,,,,,,,,,,,,,,,,,,,,,,,,,,,,,,,,,,,,,,,,,,,,,,,,,,,,,,,,,,,,,,,,
2020,Romania,6.21,17.05,9.59,7.96,44.21,20.40,2.05,23.35,8.38,9.77,,,,,,,,,,,,,,,,,,,,,,,,,,,,,,,,,,,,,,,,,,,,,,,,,,,,,,,,,,,,,,,,,
2020,Russian Federation,44.83,17.94,9.74,31.55,0.00,18.41,98.68,48.76,60.64,47.30,,,,,,,,,,,,,,,,,,,,,,,,,,,,,,,,,,,,,,,,,,,,,,,,,,,,,,,,,,,,,,,,,
2020,Saudi Arabia,19.68,13.74,3.94,14.25,14.61,1.95,57.42,12.62,63.16,29.60,,,,,,,,,,,,,,,,,,,,,,,,,,,,,,,,,,,,,,,,,,,,,,,,,,,,,,,,,,,,,,,,,
2020,Serbia,3.62,4.03,4.22,0.27,32.96,8.19,5.77,7.17,4.12,0.16,,,,,,,,,,,,,,,,,,,,,,,,,,,,,,,,,,,,,,,,,,,,,,,,,,,,,,,,,,,,,,,,,
2020,Singapore,71.73,43.59,33.47,55.96,80.65,40.91,16.15,39.77,72.97,74.82,,,,,,,,,,,,,,,,,,,,,,,,,,,,,,,,,,,,,,,,,,,,,,,,,,,,,,,,,,,,,,,,,
2020,Slovakia,10.34,15.67,15.35,2.99,47.84,13.56,0.73,11.21,8.09,10.64,,,,,,,,,,,,,,,,,,,,,,,,,,,,,,,,,,,,,,,,,,,,,,,,,,,,,,,,,,,,,,,,,
2020,Slovenia,9.60,13.39,14.27,2.76,48.23,16.70,0.00,8.89,1.68,8.01,,,,,,,,,,,,,,,,,,,,,,,,,,,,,,,,,,,,,,,,,,,,,,,,,,,,,,,,,,,,,,,,,
2020,South Africa,13.37,9.06,11.25,17.09,32.18,40.61,9.08,35.73,50.02,23.10,,,,,,,,,,,,,,,,,,,,,,,,,,,,,,,,,,,,,,,,,,,,,,,,,,,,,,,,,,,,,,,,,
2020,"Korea, Republic of",76.21,35.96,25.09,39.97,51.37,14.22,58.29,32.36,61.71,66.79,,,,,,,,,,,,,,,,,,,,,,,,,,,,,,,,,,,,,,,,,,,,,,,,,,,,,,,,,,,,,,,,,
2020,Spain,45.68,45.25,53.07,84.63,54.22,87.72,17.59,98.87,27.94,66.82,,,,,,,,,,,,,,,,,,,,,,,,,,,,,,,,,,,,,,,,,,,,,,,,,,,,,,,,,,,,,,,,,
2020,Sri Lanka,2.26,9.09,2.19,7.62,58.94,21.46,3.78,18.85,45.81,16.97,,,,,,,,,,,,,,,,,,,,,,,,,,,,,,,,,,,,,,,,,,,,,,,,,,,,,,,,,,,,,,,,,
2020,Sweden,81.92,91.41,100.00,48.95,78.52,44.20,17.34,29.37,21.11,89.36,,,,,,,,,,,,,,,,,,,,,,,,,,,,,,,,,,,,,,,,,,,,,,,,,,,,,,,,,,,,,,,,,
2020,Switzerland,87.76,87.60,92.63,55.63,91.46,50.78,29.51,32.09,45.23,100.00,,,,,,,,,,,,,,,,,,,,,,,,,,,,,,,,,,,,,,,,,,,,,,,,,,,,,,,,,,,,,,,,,
2020,Thailand,12.88,23.06,6.01,41.55,78.17,78.47,4.35,73.38,74.74,44.89,,,,,,,,,,,,,,,,,,,,,,,,,,,,,,,,,,,,,,,,,,,,,,,,,,,,,,,,,,,,,,,,,
2020,Tunisia,0.90,7.02,0.59,4.96,42.88,15.58,2.47,16.61,10.12,3.25,,,,,,,,,,,,,,,,,,,,,,,,,,,,,,,,,,,,,,,,,,,,,,,,,,,,,,,,,,,,,,,,,
2020,Turkey,16.69,17.17,6.48,31.31,30.68,42.58,24.75,75.85,39.14,28.06,,,,,,,,,,,,,,,,,,,,,,,,,,,,,,,,,,,,,,,,,,,,,,,,,,,,,,,,,,,,,,,,,
2020,Ukraine,8.64,3.67,5.58,4.50,21.16,18.77,10.89,12.01,9.50,3.55,,,,,,,,,,,,,,,,,,,,,,,,,,,,,,,,,,,,,,,,,,,,,,,,,,,,,,,,,,,,,,,,,
2020,United Arab Emirates,42.56,28.44,10.27,39.54,28.29,8.33,55.48,6.71,100.00,57.39,,,,,,,,,,,,,,,,,,,,,,,,,,,,,,,,,,,,,,,,,,,,,,,,,,,,,,,,,,,,,,,,,
2020,United Kingdom,88.45,69.73,81.24,71.31,54.58,26.19,82.57,65.47,19.77,92.63,,,,,,,,,,,,,,,,,,,,,,,,,,,,,,,,,,,,,,,,,,,,,,,,,,,,,,,,,,,,,,,,,
2020,United States,93.40,57.09,53.83,79.64,45.26,32.37,100.00,45.85,39.24,92.42,,,,,,,,,,,,,,,,,,,,,,,,,,,,,,,,,,,,,,,,,,,,,,,,,,,,,,,,,,,,,,,,,
2020,Viet Nam,9.53,18.24,2.39,7.97,61.47,25.22,9.46,40.39,38.13,21.00,,,,,,,,,,,,,,,,,,,,,,,,,,,,,,,,,,,,,,,,,,,,,,,,,,,,,,,,,,,,,,,,,
2021,Argentina,9.69,8.83,13.49,21.64,27.57,67.77,6.34,47.75,26.23,23.98,,,,,,,,,,,,,,,,,,,,,,,,,,,,,,,,,,,,,,,,,,,,,,,,,,,,,,,,,,,,,,,,,
2021,Australia,69.14,89.53,87.05,45.66,71.57,75.01,28.32,43.01,48.73,96.59,,,,,,,,,,,,,,,,,,,,,,,,,,,,,,,,,,,,,,,,,,,,,,,,,,,,,,,,,,,,,,,,,
2021,Austria,60.62,74.63,75.81,33.33,70.14,47.17,10.18,44.25,10.42,67.50,,,,,,,,,,,,,,,,,,,,,,,,,,,,,,,,,,,,,,,,,,,,,,,,,,,,,,,,,,,,,,,,,
2021,Azerbaijan,1.26,4.12,4.25,2.26,34.58,6.79,6.60,2.63,25.05,7.10,,,,,,,,,,,,,,,,,,,,,,,,,,,,,,,,,,,,,,,,,,,,,,,,,,,,,,,,,,,,,,,,,
2021,Belarus,4.59,4.50,3.93,1.66,25.10,11.34,9.47,2.94,7.26,2.48,,,,,,,,,,,,,,,,,,,,,,,,,,,,,,,,,,,,,,,,,,,,,,,,,,,,,,,,,,,,,,,,,
2021,Belgium,58.43,71.13,73.00,33.51,71.48,33.89,15.80,36.89,11.25,68.14,,,,,,,,,,,,,,,,,,,,,,,,,,,,,,,,,,,,,,,,,,,,,,,,,,,,,,,,,,,,,,,,,
2021,Brazil,12.97,10.54,11.18,50.72,33.80,100.00,20.49,61.18,69.33,46.87,,,,,,,,,,,,,,,,,,,,,,,,,,,,,,,,,,,,,,,,,,,,,,,,,,,,,,,,,,,,,,,,,
2021,Bulgaria,8.02,14.53,12.31,3.04,40.91,15.40,1.00,10.99,3.76,8.66,,,,,,,,,,,,,,,,,,,,,,,,,,,,,,,,,,,,,,,,,,,,,,,,,,,,,,,,,,,,,,,,,
2021,Cambodia,1.61,12.52,1.78,5.24,52.37,16.00,5.62,19.90,30.04,11.84,,,,,,,,,,,,,,,,,,,,,,,,,,,,,,,,,,,,,,,,,,,,,,,,,,,,,,,,,,,,,,,,,
2021,Canada,83.94,100.00,100.00,49.27,83.94,50.00,41.09,30.90,24.02,100.00,,,,,,,,,,,,,,,,,,,,,,,,,,,,,,,,,,,,,,,,,,,,,,,,,,,,,,,,,,,,,,,,,
2021,Chile,7.71,14.52,8.36,7.44,50.83,39.06,4.86,29.35,20.74,17.68,,,,,,,,,,,,,,,,,,,,,,,,,,,,,,,,,,,,,,,,,,,,,,,,,,,,,,,,,,,,,,,,,
2021,China,76.61,41.13,2.35,52.38,43.58,16.11,96.71,65.19,77.30,77.97,,,,,,,,,,,,,,,,,,,,,,,,,,,,,,,,,,,,,,,,,,,,,,,,,,,,,,,,,,,,,,,,,
2021,Colombia,4.17,8.23,6.70,12.07,30.58,41.17,5.96,21.24,18.22,12.35,,,,,,,,,,,,,,,,,,,,,,,,,,,,,,,,,,,,,,,,,,,,,,,,,,,,,,,,,,,,,,,,,
2021,Costa Rica,2.79,13.88,10.33,16.72,68.94,71.45,2.15,17.07,32.33,24.69,,,,,,,,,,,,,,,,,,,,,,,,,,,,,,,,,,,,,,,,,,,,,,,,,,,,,,,,,,,,,,,,,
2021,Croatia,9.98,19.14,13.78,11.53,50.84,36.08,1.28,26.74,9.94,18.02,,,,,,,,,,,,,,,,,,,,,,,,,,,,,,,,,,,,,,,,,,,,,,,,,,,,,,,,,,,,,,,,,
2021,Czechia,19.81,27.72,23.86,5.80,43.76,20.40,2.98,21.84,5.70,21.33,,,,,,,,,,,,,,,,,,,,,,,,,,,,,,,,,,,,,,,,,,,,,,,,,,,,,,,,,,,,,,,,,
2021,Denmark,68.58,97.44,96.27,38.95,83.70,34.85,10.36,16.81,14.16,83.55,,,,,,,,,,,,,,,,,,,,,,,,,,,,,,,,,,,,,,,,,,,,,,,,,,,,,,,,,,,,,,,,,
2021,Dominican Republic,1.02,10.38,6.80,10.62,58.31,52.98,2.75,8.24,22.75,15.38,,,,,,,,,,,,,,,,,,,,,,,,,,,,,,,,,,,,,,,,,,,,,,,,,,,,,,,,,,,,,,,,,
2021,Ecuador,1.07,6.94,4.19,4.19,46.75,23.56,3.22,9.05,9.09,6.11,,,,,,,,,,,,,,,,,,,,,,,,,,,,,,,,,,,,,,,,,,,,,,,,,,,,,,,,,,,,,,,,,
2021,Egypt,8.34,11.21,4.64,28.48,35.03,42.58,12.57,77.42,82.55,33.98,,,,,,,,,,,,,,,,,,,,,,,,,,,,,,,,,,,,,,,,,,,,,,,,,,,,,,,,,,,,,,,,,
2021,El Salvador,0.00,2.73,2.66,1.70,42.80,12.81,3.77,2.41,4.00,1.39,,,,,,,,,,,,,,,,,,,,,,,,,,,,,,,,,,,,,,,,,,,,,,,,,,,,,,,,,,,,,,,,,
2021,Estonia,8.35,12.83,14.41,1.64,51.82,10.28,0.00,3.37,3.72,9.85,,,,,,,,,,,,,,,,,,,,,,,,,,,,,,,,,,,,,,,,,,,,,,,,,,,,,,,,,,,,,,,,,
2021,Finland,57.95,85.03,88.82,34.25,79.30,43.12,6.87,25.12,24.51,76.13,,,,,,,,,,,,,,,,,,,,,,,,,,,,,,,,,,,,,,,,,,,,,,,,,,,,,,,,,,,,,,,,,
2021,France,66.95,55.54,62.86,97.46,56.28,62.73,65.08,87.20,31.08,87.09,,,,,,,,,,,,,,,,,,,,,,,,,,,,,,,,,,,,,,,,,,,,,,,,,,,,,,,,,,,,,,,,,
2021,Germany,99.49,84.94,73.04,56.18,66.38,20.56,86.08,39.77,28.07,97.96,,,,,,,,,,,,,,,,,,,,,,,,,,,,,,,,,,,,,,,,,,,,,,,,,,,,,,,,,,,,,,,,,
2021,Greece,17.18,28.01,26.56,44.45,52.13,88.55,6.23,97.32,52.26,46.75,,,,,,,,,,,,,,,,,,,,,,,,,,,,,,,,,,,,,,,,,,,,,,,,,,,,,,,,,,,,,,,,,
2021,Guatemala,0.05,7.16,3.81,1.72,50.43,14.91,3.41,5.80,13.09,5.93,,,,,,,,,,,,,,,,,,,,,,,,,,,,,,,,,,,,,,,,,,,,,,,,,,,,,,,,,,,,,,,,,
2021,Hungary,15.11,23.02,21.63,5.55,45.81,21.37,2.47,27.35,8.19,17.94,,,,,,,,,,,,,,,,,,,,,,,,,,,,,,,,,,,,,,,,,,,,,,,,,,,,,,,,,,,,,,,,,
2021,India,27.99,18.74,3.81,33.53,49.61,28.55,36.31,82.76,88.90,48.38,,,,,,,,,,,,,,,,,,,,,,,,,,,,,,,,,,,,,,,,,,,,,,,,,,,,,,,,,,,,,,,,,
2021,Indonesia,9.58,19.58,5.50,14.32,61.92,39.58,9.41,41.58,40.32,26.65,,,,,,,,,,,,,,,,,,,,,,,,,,,,,,,,,,,,,,,,,,,,,,,,,,,,,,,,,,,,,,,,,
2021,Iraq,1.61,0.00,1.14,1.73,20.49,0.00,20.32,3.98,8.58,0.00,,,,,,,,,,,,,,,,,,,,,,,,,,,,,,,,,,,,,,,,,,,,,,,,,,,,,,,,,,,,,,,,,
2021,Ireland,47.74,64.42,67.94,28.65,81.52,56.11,7.24,47.96,28.85,65.30,,,,,,,,,,,,,,,,,,,,,,,,,,,,,,,,,,,,,,,,,,,,,,,,,,,,,,,,,,,,,,,,,
2021,Israel,45.45,19.26,8.88,14.94,35.74,10.39,51.37,35.46,60.45,42.40,,,,,,,,,,,,,,,,,,,,,,,,,,,,,,,,,,,,,,,,,,,,,,,,,,,,,,,,,,,,,,,,,
2021,Italy,49.89,42.71,40.25,100.00,53.93,97.31,30.52,99.78,47.95,78.67,,,,,,,,,,,,,,,,,,,,,,,,,,,,,,,,,,,,,,,,,,,,,,,,,,,,,,,,,,,,,,,,,
2021,Japan,100.00,69.20,29.67,77.68,57.14,41.64,68.84,72.18,74.84,99.14,,,,,,,,,,,,,,,,,,,,,,,,,,,,,,,,,,,,,,,,,,,,,,,,,,,,,,,,,,,,,,,,,
2021,Jordan,2.75,6.15,3.72,6.59,38.93,10.37,6.82,22.45,29.82,10.59,,,,,,,,,,,,,,,,,,,,,,,,,,,,,,,,,,,,,,,,,,,,,,,,,,,,,,,,,,,,,,,,,
2021,Kazakhstan,0.90,4.75,2.19,1.32,29.26,4.42,7.50,0.26,23.86,4.63,,,,,,,,,,,,,,,,,,,,,,,,,,,,,,,,,,,,,,,,,,,,,,,,,,,,,,,,,,,,,,,,,
2021,Kenya,1.40,5.77,5.41,6.09,48.05,23.17,3.95,15.28,39.72,13.85,,,,,,,,,,,,,,,,,,,,,,,,,,,,,,,,,,,,,,,,,,,,,,,,,,,,,,,,,,,,,,,,,
2021,"Korea, Republic of",85.89,47.48,12.82,59.42,50.76,18.99,63.86,26.44,69.57,81.40,,,,,,,,,,,,,,,,,,,,,,,,,,,,,,,,,,,,,,,,,,,,,,,,,,,,,,,,,,,,,,,,,
2021,Latvia,5.63,11.99,12.54,1.20,51.49,8.96,0.44,2.79,0.00,7.22,,,,,,,,,,,,,,,,,,,,,,,,,,,,,,,,,,,,,,,,,,,,,,,,,,,,,,,,,,,,,,,,,
2021,Lebanon,2.38,1.38,2.04,4.13,31.52,7.65,7.91,12.94,10.30,2.62,,,,,,,,,,,,,,,,,,,,,,,,,,,,,,,,,,,,,,,,,,,,,,,,,,,,,,,,,,,,,,,,,
2021,Lithuania,7.91,10.18,9.59,0.00,49.75,7.83,0.69,3.01,0.92,6.41,,,,,,,,,,,,,,,,,,,,,,,,,,,,,,,,,,,,,,,,,,,,,,,,,,,,,,,,,,,,,,,,,
2021,Malaysia,16.74,26.94,5.21,15.21,74.60,43.60,9.07,30.40,41.36,33.38,,,,,,,,,,,,,,,,,,,,,,,,,,,,,,,,,,,,,,,,,,,,,,,,,,,,,,,,,,,,,,,,,
2021,Mexico,11.29,16.53,8.30,39.34,42.43,77.96,12.46,85.27,55.77,38.12,,,,,,,,,,,,,,,,,,,,,,,,,,,,,,,,,,,,,,,,,,,,,,,,,,,,,,,,,,,,,,,,,
2021,Morocco,2.78,12.99,3.99,17.83,52.96,44.54,4.10,50.06,56.02,25.15,,,,,,,,,,,,,,,,,,,,,,,,,,,,,,,,,,,,,,,,,,,,,,,,,,,,,,,,,,,,,,,,,
2021,Myanmar,0.99,6.49,1.94,2.34,47.42,8.17,5.47,7.90,32.68,9.40,,,,,,,,,,,,,,,,,,,,,,,,,,,,,,,,,,,,,,,,,,,,,,,,,,,,,,,,,,,,,,,,,
2021,Netherlands,70.42,88.33,93.06,43.28,76.95,53.90,17.18,34.27,27.37,88.33,,,,,,,,,,,,,,,,,,,,,,,,,,,,,,,,,,,,,,,,,,,,,,,,,,,,,,,,,,,,,,,,,
2021,New Zealand,55.52,84.02,95.85,42.26,83.19,77.59,11.74,37.64,55.00,92.56,,,,,,,,,,,,,,,,,,,,,,,,,,,,,,,,,,,,,,,,,,,,,,,,,,,,,,,,,,,,,,,,,
2021,Norway,61.68,92.04,92.84,37.67,82.55,49.03,11.72,30.09,30.85,83.31,,,,,,,,,,,,,,,,,,,,,,,,,,,,,,,,,,,,,,,,,,,,,,,,,,,,,,,,,,,,,,,,,
2021,Oman,4.61,5.10,2.15,4.20,39.76,4.14,5.82,0.00,15.80,5.45,,,,,,,,,,,,,,,,,,,,,,,,,,,,,,,,,,,,,,,,,,,,,,,,,,,,,,,,,,,,,,,,,
2021,Panama,6.82,7.32,6.10,6.20,92.00,33.01,3.70,9.79,12.11,16.18,,,,,,,,,,,,,,,,,,,,,,,,,,,,,,,,,,,,,,,,,,,,,,,,,,,,,,,,,,,,,,,,,
2021,Peru,2.03,9.87,6.61,10.58,49.14,38.26,3.09,47.09,31.43,16.29,,,,,,,,,,,,,,,,,,,,,,,,,,,,,,,,,,,,,,,,,,,,,,,,,,,,,,,,,,,,,,,,,
2021,Philippines,9.66,18.73,5.39,12.20,58.11,51.25,7.11,26.90,29.50,22.43,,,,,,,,,,,,,,,,,,,,,,,,,,,,,,,,,,,,,,,,,,,,,,,,,,,,,,,,,,,,,,,,,
2021,Poland,22.85,32.18,26.07,10.79,50.22,22.38,6.04,32.83,2.33,23.95,,,,,,,,,,,,,,,,,,,,,,,,,,,,,,,,,,,,,,,,,,,,,,,,,,,,,,,,,,,,,,,,,
2021,Portugal,29.67,44.98,42.93,29.84,63.95,71.70,7.42,68.38,12.40,46.05,,,,,,,,,,,,,,,,,,,,,,,,,,,,,,,,,,,,,,,,,,,,,,,,,,,,,,,,,,,,,,,,,
2021,Qatar,29.38,20.21,0.00,27.55,45.82,7.14,18.83,0.16,57.38,35.60,,,,,,,,,,,,,,,,,,,,,,,,,,,,,,,,,,,,,,,,,,,,,,,,,,,,,,,,,,,,,,,,,
2021,Romania,7.09,14.02,8.39,5.87,40.19,18.34,2.33,17.15,5.80,8.29,,,,,,,,,,,,,,,,,,,,,,,,,,,,,,,,,,,,,,,,,,,,,,,,,,,,,,,,,,,,,,,,,
2021,Russian Federation,47.81,22.64,7.73,32.44,0.00,19.29,91.36,53.48,60.93,48.72,,,,,,,,,,,,,,,,,,,,,,,,,,,,,,,,,,,,,,,,,,,,,,,,,,,,,,,,,,,,,,,,,
2021,Saudi Arabia,24.39,20.41,2.46,20.95,16.76,4.63,57.07,14.46,69.12,33.80,,,,,,,,,,,,,,,,,,,,,,,,,,,,,,,,,,,,,,,,,,,,,,,,,,,,,,,,,,,,,,,,,
2021,Serbia,3.39,2.94,4.57,1.53,37.76,10.11,5.17,6.33,1.54,1.71,,,,,,,,,,,,,,,,,,,,,,,,,,,,,,,,,,,,,,,,,,,,,,,,,,,,,,,,,,,,,,,,,
2021,Singapore,78.71,55.92,20.77,48.26,71.13,50.22,20.48,29.74,78.20,83.04,,,,,,,,,,,,,,,,,,,,,,,,,,,,,,,,,,,,,,,,,,,,,,,,,,,,,,,,,,,,,,,,,
2021,Slovakia,6.18,13.27,11.35,2.95,52.23,11.49,1.54,6.84,0.42,8.29,,,,,,,,,,,,,,,,,,,,,,,,,,,,,,,,,,,,,,,,,,,,,,,,,,,,,,,,,,,,,,,,,
2021,Slovenia,5.65,10.37,12.15,2.64,54.26,12.90,0.35,6.33,1.65,8.92,,,,,,,,,,,,,,,,,,,,,,,,,,,,,,,,,,,,,,,,,,,,,,,,,,,,,,,,,,,,,,,,,
2021,South Africa,12.07,7.30,10.36,14.20,37.36,40.06,12.62,42.99,41.79,24.21,,,,,,,,,,,,,,,,,,,,,,,,,,,,,,,,,,,,,,,,,,,,,,,,,,,,,,,,,,,,,,,,,
2021,Spain,42.41,46.18,37.54,76.71,56.75,95.03,20.60,100.00,35.88,69.35,,,,,,,,,,,,,,,,,,,,,,,,,,,,,,,,,,,,,,,,,,,,,,,,,,,,,,,,,,,,,,,,,
2021,Sri Lanka,2.34,9.65,2.79,9.52,62.67,23.30,5.08,21.08,44.91,17.95,,,,,,,,,,,,,,,,,,,,,,,,,,,,,,,,,,,,,,,,,,,,,,,,,,,,,,,,,,,,,,,,,
2021,Sweden,73.68,93.67,94.16,53.33,83.32,47.35,14.85,27.64,24.17,90.55,,,,,,,,,,,,,,,,,,,,,,,,,,,,,,,,,,,,,,,,,,,,,,,,,,,,,,,,,,,,,,,,,
2021,Switzerland,80.46,89.88,81.10,59.17,100.00,58.04,23.94,47.07,46.60,97.29,,,,,,,,,,,,,,,,,,,,,,,,,,,,,,,,,,,,,,,,,,,,,,,,,,,,,,,,,,,,,,,,,
2021,Thailand,13.51,24.47,4.66,38.50,66.68,86.50,12.72,78.11,73.05,46.30,,,,,,,,,,,,,,,,,,,,,,,,,,,,,,,,,,,,,,,,,,,,,,,,,,,,,,,,,,,,,,,,,
2021,Tunisia,1.77,6.89,1.76,6.04,48.01,20.21,3.58,16.33,13.63,7.10,,,,,,,,,,,,,,,,,,,,,,,,,,,,,,,,,,,,,,,,,,,,,,,,,,,,,,,,,,,,,,,,,
2021,Turkey,15.06,17.28,3.45,31.03,33.47,48.39,34.08,75.60,48.33,33.92,,,,,,,,,,,,,,,,,,,,,,,,,,,,,,,,,,,,,,,,,,,,,,,,,,,,,,,,,,,,,,,,,
2021,Ukraine,7.02,7.71,5.26,3.39,20.92,15.44,10.80,7.65,6.13,4.88,,,,,,,,,,,,,,,,,,,,,,,,,,,,,,,,,,,,,,,,,,,,,,,,,,,,,,,,,,,,,,,,,
2021,United Arab Emirates,54.09,33.75,1.26,50.92,45.86,18.78,54.88,15.89,100.00,66.89,,,,,,,,,,,,,,,,,,,,,,,,,,,,,,,,,,,,,,,,,,,,,,,,,,,,,,,,,,,,,,,,,
2021,United Kingdom,88.20,68.98,67.01,78.14,59.30,34.09,83.74,63.17,25.59,92.30,,,,,,,,,,,,,,,,,,,,,,,,,,,,,,,,,,,,,,,,,,,,,,,,,,,,,,,,,,,,,,,,,
2021,United States,97.28,46.02,34.89,85.70,48.81,39.67,100.00,50.41,42.27,93.26,,,,,,,,,,,,,,,,,,,,,,,,,,,,,,,,,,,,,,,,,,,,,,,,,,,,,,,,,,,,,,,,,
2021,Uruguay,3.04,10.32,9.93,3.73,48.76,19.35,1.46,8.74,6.55,9.14,,,,,,,,,,,,,,,,,,,,,,,,,,,,,,,,,,,,,,,,,,,,,,,,,,,,,,,,,,,,,,,,,
2021,Uzbekistan,0.88,2.40,2.68,1.62,35.95,4.89,7.24,2.19,17.22,3.35,,,,,,,,,,,,,,,,,,,,,,,,,,,,,,,,,,,,,,,,,,,,,,,,,,,,,,,,,,,,,,,,,
2021,Viet Nam,9.05,20.71,1.79,8.91,62.25,29.54,15.06,42.36,42.57,24.49,,,,,,,,,,,,,,,,,,,,,,,,,,,,,,,,,,,,,,,,,,,,,,,,,,,,,,,,,,,,,,,,,
2022,Algeria,2.74,1.92,4.49,2.00,41.43,5.67,4.84,6.03,10.54,2.60,,,,,,,,,,,,,,,,,,,,,,,,,,,,,,,,,,,,,,,,,,,,,,,,,,,,,,,,,,,,,,,,,
2022,Azerbaijan,3.15,2.39,3.08,1.01,45.20,7.91,5.06,3.14,22.06,5.63,,,,,,,,,,,,,,,,,,,,,,,,,,,,,,,,,,,,,,,,,,,,,,,,,,,,,,,,,,,,,,,,,
2022,Argentina,13.04,14.88,19.99,31.00,45.54,69.20,8.54,53.74,26.91,33.39,,,,,,,,,,,,,,,,,,,,,,,,,,,,,,,,,,,,,,,,,,,,,,,,,,,,,,,,,,,,,,,,,
2022,Australia,66.02,85.65,84.03,58.72,72.40,76.97,33.32,52.03,30.03,94.27,,,,,,,,,,,,,,,,,,,,,,,,,,,,,,,,,,,,,,,,,,,,,,,,,,,,,,,,,,,,,,,,,
2022,Austria,57.11,78.82,75.24,37.73,69.55,53.26,10.54,57.81,1.12,67.87,,,,,,,,,,,,,,,,,,,,,,,,,,,,,,,,,,,,,,,,,,,,,,,,,,,,,,,,,,,,,,,,,
2022,Bahrain,8.14,8.12,0.39,9.21,49.47,5.74,4.95,0.00,22.32,9.59,,,,,,,,,,,,,,,,,,,,,,,,,,,,,,,,,,,,,,,,,,,,,,,,,,,,,,,,,,,,,,,,,
2022,Bangladesh,4.20,10.58,1.46,3.29,56.32,4.33,7.86,2.77,14.67,6.29,,,,,,,,,,,,,,,,,,,,,,,,,,,,,,,,,,,,,,,,,,,,,,,,,,,,,,,,,,,,,,,,,
2022,Belgium,64.04,81.89,80.62,39.91,73.38,37.11,17.39,30.92,5.35,74.45,,,,,,,,,,,,,,,,,,,,,,,,,,,,,,,,,,,,,,,,,,,,,,,,,,,,,,,,,,,,,,,,,
2022,Brazil,15.37,14.48,14.82,54.16,44.61,100.00,22.56,72.04,63.03,52.09,,,,,,,,,,,,,,,,,,,,,,,,,,,,,,,,,,,,,,,,,,,,,,,,,,,,,,,,,,,,,,,,,
2022,Bulgaria,9.16,17.46,13.06,3.40,50.69,18.84,1.62,12.86,2.03,10.56,,,,,,,,,,,,,,,,,,,,,,,,,,,,,,,,,,,,,,,,,,,,,,,,,,,,,,,,,,,,,,,,,
2022,Myanmar,1.92,3.60,0.85,2.69,47.58,6.60,6.69,3.09,22.19,4.63,,,,,,,,,,,,,,,,,,,,,,,,,,,,,,,,,,,,,,,,,,,,,,,,,,,,,,,,,,,,,,,,,
2022,Belarus,5.33,2.54,2.99,2.17,17.64,5.25,15.37,0.42,6.52,0.00,,,,,,,,,,,,,,,,,,,,,,,,,,,,,,,,,,,,,,,,,,,,,,,,,,,,,,,,,,,,,,,,,
2022,Cambodia,3.18,10.18,2.25,4.30,55.97,13.04,4.98,15.63,27.30,10.26,,,,,,,,,,,,,,,,,,,,,,,,,,,,,,,,,,,,,,,,,,,,,,,,,,,,,,,,,,,,,,,,,
2022,Cameroon,2.35,3.57,3.06,3.61,53.09,8.40,3.18,1.41,17.03,5.55,,,,,,,,,,,,,,,,,,,,,,,,,,,,,,,,,,,,,,,,,,,,,,,,,,,,,,,,,,,,,,,,,
2022,Canada,81.07,97.92,94.06,55.04,76.43,56.79,43.32,39.94,12.81,97.77,,,,,,,,,,,,,,,,,,,,,,,,,,,,,,,,,,,,,,,,,,,,,,,,,,,,,,,,,,,,,,,,,
2022,Sri Lanka,3.74,6.62,1.37,6.60,61.27,23.83,5.56,18.03,38.57,13.93,,,,,,,,,,,,,,,,,,,,,,,,,,,,,,,,,,,,,,,,,,,,,,,,,,,,,,,,,,,,,,,,,
2022,Chile,5.80,12.53,10.59,9.46,54.43,37.82,6.02,32.58,18.07,17.87,,,,,,,,,,,,,,,,,,,,,,,,,,,,,,,,,,,,,,,,,,,,,,,,,,,,,,,,,,,,,,,,,
2022,China,82.04,45.79,2.39,57.20,52.46,13.37,96.31,66.86,66.34,77.07,,,,,,,,,,,,,,,,,,,,,,,,,,,,,,,,,,,,,,,,,,,,,,,,,,,,,,,,,,,,,,,,,
2022,Colombia,4.22,4.99,4.85,13.78,42.72,43.15,9.47,28.38,25.53,15.90,,,,,,,,,,,,,,,,,,,,,,,,,,,,,,,,,,,,,,,,,,,,,,,,,,,,,,,,,,,,,,,,,
2022,Costa Rica,4.23,10.34,9.66,22.75,64.45,74.46,3.19,29.02,41.26,28.33,,,,,,,,,,,,,,,,,,,,,,,,,,,,,,,,,,,,,,,,,,,,,,,,,,,,,,,,,,,,,,,,,
2022,Croatia,12.84,26.21,21.05,16.05,53.49,46.91,1.98,30.01,10.69,24.40,,,,,,,,,,,,,,,,,,,,,,,,,,,,,,,,,,,,,,,,,,,,,,,,,,,,,,,,,,,,,,,,,
2022,Czechia,22.15,36.14,22.91,9.29,46.29,25.77,5.26,23.19,7.55,25.38,,,,,,,,,,,,,,,,,,,,,,,,,,,,,,,,,,,,,,,,,,,,,,,,,,,,,,,,,,,,,,,,,
2022,Denmark,71.03,99.90,98.87,41.68,81.99,44.64,16.88,27.51,15.50,89.79,,,,,,,,,,,,,,,,,,,,,,,,,,,,,,,,,,,,,,,,,,,,,,,,,,,,,,,,,,,,,,,,,
2022,Dominican Republic,2.42,7.06,6.60,17.17,53.12,55.79,3.86,16.01,23.28,16.45,,,,,,,,,,,,,,,,,,,,,,,,,,,,,,,,,,,,,,,,,,,,,,,,,,,,,,,,,,,,,,,,,
2022,Ecuador,1.83,4.82,5.60,3.41,54.97,23.73,4.09,14.40,14.26,8.96,,,,,,,,,,,,,,,,,,,,,,,,,,,,,,,,,,,,,,,,,,,,,,,,,,,,,,,,,,,,,,,,,
2022,Estonia,10.72,17.30,20.15,3.16,61.75,12.02,0.00,5.03,4.78,13.87,,,,,,,,,,,,,,,,,,,,,,,,,,,,,,,,,,,,,,,,,,,,,,,,,,,,,,,,,,,,,,,,,
2022,Finland,63.75,90.03,95.43,35.87,85.86,48.53,7.30,27.02,14.93,81.50,,,,,,,,,,,,,,,,,,,,,,,,,,,,,,,,,,,,,,,,,,,,,,,,,,,,,,,,,,,,,,,,,
2022,France,68.33,66.37,62.07,96.46,56.70,68.69,63.31,90.99,20.56,90.54,,,,,,,,,,,,,,,,,,,,,,,,,,,,,,,,,,,,,,,,,,,,,,,,,,,,,,,,,,,,,,,,,
2022,Germany,100.00,90.01,70.30,60.42,61.98,26.80,81.63,49.88,18.78,98.02,,,,,,,,,,,,,,,,,,,,,,,,,,,,,,,,,,,,,,,,,,,,,,,,,,,,,,,,,,,,,,,,,
2022,Ghana,1.46,6.06,5.34,3.25,51.71,5.84,4.03,3.19,18.91,6.06,,,,,,,,,,,,,,,,,,,,,,,,,,,,,,,,,,,,,,,,,,,,,,,,,,,,,,,,,,,,,,,,,
2022,Greece,22.09,34.38,33.07,56.36,56.31,94.51,8.90,98.28,51.27,57.98,,,,,,,,,,,,,,,,,,,,,,,,,,,,,,,,,,,,,,,,,,,,,,,,,,,,,,,,,,,,,,,,,
2022,Guatemala,0.61,2.54,4.52,2.77,53.49,15.55,2.89,11.22,14.97,5.13,,,,,,,,,,,,,,,,,,,,,,,,,,,,,,,,,,,,,,,,,,,,,,,,,,,,,,,,,,,,,,,,,
2022,Hungary,18.84,24.33,21.94,7.36,50.35,23.16,2.85,30.17,1.81,18.79,,,,,,,,,,,,,,,,,,,,,,,,,,,,,,,,,,,,,,,,,,,,,,,,,,,,,,,,,,,,,,,,,
2022,India,26.53,18.27,2.56,30.91,56.22,23.18,38.48,79.23,68.98,40.79,,,,,,,,,,,,,,,,,,,,,,,,,,,,,,,,,,,,,,,,,,,,,,,,,,,,,,,,,,,,,,,,,
2022,Indonesia,13.77,19.42,6.79,15.08,63.35,39.88,14.15,40.35,31.20,26.48,,,,,,,,,,,,,,,,,,,,,,,,,,,,,,,,,,,,,,,,,,,,,,,,,,,,,,,,,,,,,,,,,
2022,Iran,3.57,0.00,0.00,2.79,15.01,0.00,28.26,7.02,16.63,0.97,,,,,,,,,,,,,,,,,,,,,,,,,,,,,,,,,,,,,,,,,,,,,,,,,,,,,,,,,,,,,,,,,
2022,Ireland,43.14,65.17,64.78,34.14,72.74,60.02,6.05,55.20,12.82,62.51,,,,,,,,,,,,,,,,,,,,,,,,,,,,,,,,,,,,,,,,,,,,,,,,,,,,,,,,,,,,,,,,,
2022,Israel,38.46,16.64,6.27,17.10,25.52,7.63,53.81,33.79,45.91,33.90,,,,,,,,,,,,,,,,,,,,,,,,,,,,,,,,,,,,,,,,,,,,,,,,,,,,,,,,,,,,,,,,,
2022,Italy,52.05,57.41,44.11,100.00,54.91,99.11,34.06,100.00,33.53,83.02,,,,,,,,,,,,,,,,,,,,,,,,,,,,,,,,,,,,,,,,,,,,,,,,,,,,,,,,,,,,,,,,,
2022,Japan,96.88,71.69,24.97,81.17,55.31,45.06,63.21,76.62,63.12,95.60,,,,,,,,,,,,,,,,,,,,,,,,,,,,,,,,,,,,,,,,,,,,,,,,,,,,,,,,,,,,,,,,,
2022,Kazakhstan,2.12,2.47,1.56,0.83,38.38,4.04,6.30,1.13,16.75,1.68,,,,,,,,,,,,,,,,,,,,,,,,,,,,,,,,,,,,,,,,,,,,,,,,,,,,,,,,,,,,,,,,,
2022,Jordan,3.82,4.00,2.38,6.21,45.83,13.12,6.46,21.61,27.39,9.59,,,,,,,,,,,,,,,,,,,,,,,,,,,,,,,,,,,,,,,,,,,,,,,,,,,,,,,,,,,,,,,,,
2022,Kenya,1.84,3.86,7.71,6.62,53.86,21.56,4.21,16.62,35.83,12.96,,,,,,,,,,,,,,,,,,,,,,,,,,,,,,,,,,,,,,,,,,,,,,,,,,,,,,,,,,,,,,,,,
2022,"Korea, Republic of",81.69,46.93,9.70,64.43,40.93,21.88,64.74,37.88,48.34,70.62,,,,,,,,,,,,,,,,,,,,,,,,,,,,,,,,,,,,,,,,,,,,,,,,,,,,,,,,,,,,,,,,,
2022,Lebanon,1.48,0.73,2.60,5.03,33.49,9.61,6.71,12.68,14.93,2.81,,,,,,,,,,,,,,,,,,,,,,,,,,,,,,,,,,,,,,,,,,,,,,,,,,,,,,,,,,,,,,,,,
2022,Latvia,9.74,12.85,18.12,0.00,62.30,10.30,0.03,3.30,0.67,10.04,,,,,,,,,,,,,,,,,,,,,,,,,,,,,,,,,,,,,,,,,,,,,,,,,,,,,,,,,,,,,,,,,
2022,Lithuania,8.40,12.97,16.91,0.46,53.73,9.31,0.32,3.10,13.44,13.15,,,,,,,,,,,,,,,,,,,,,,,,,,,,,,,,,,,,,,,,,,,,,,,,,,,,,,,,,,,,,,,,,
2022,Luxembourg,51.18,63.85,61.77,31.74,84.58,27.29,8.46,15.64,14.85,59.46,,,,,,,,,,,,,,,,,,,,,,,,,,,,,,,,,,,,,,,,,,,,,,,,,,,,,,,,,,,,,,,,,
2022,Malaysia,15.87,25.63,6.68,17.55,73.20,43.74,7.37,35.04,37.44,31.80,,,,,,,,,,,,,,,,,,,,,,,,,,,,,,,,,,,,,,,,,,,,,,,,,,,,,,,,,,,,,,,,,
2022,Mexico,14.01,17.53,10.27,42.59,49.63,74.97,15.21,86.40,38.35,38.80,,,,,,,,,,,,,,,,,,,,,,,,,,,,,,,,,,,,,,,,,,,,,,,,,,,,,,,,,,,,,,,,,
2022,Morocco,5.06,12.72,2.61,21.49,57.96,48.29,5.96,55.78,50.52,26.11,,,,,,,,,,,,,,,,,,,,,,,,,,,,,,,,,,,,,,,,,,,,,,,,,,,,,,,,,,,,,,,,,
2022,Oman,3.47,3.80,1.93,2.41,44.50,4.58,4.36,1.27,17.44,3.83,,,,,,,,,,,,,,,,,,,,,,,,,,,,,,,,,,,,,,,,,,,,,,,,,,,,,,,,,,,,,,,,,
2022,Netherlands,69.98,88.93,90.93,49.77,76.14,63.65,19.66,40.56,13.54,88.19,,,,,,,,,,,,,,,,,,,,,,,,,,,,,,,,,,,,,,,,,,,,,,,,,,,,,,,,,,,,,,,,,
2022,New Zealand,53.24,83.62,88.71,42.47,78.09,80.91,11.76,44.39,41.32,89.19,,,,,,,,,,,,,,,,,,,,,,,,,,,,,,,,,,,,,,,,,,,,,,,,,,,,,,,,,,,,,,,,,
2022,Norway,63.68,96.25,99.73,40.44,84.23,53.05,13.52,32.15,17.46,86.89,,,,,,,,,,,,,,,,,,,,,,,,,,,,,,,,,,,,,,,,,,,,,,,,,,,,,,,,,,,,,,,,,
2022,Panama,6.41,5.27,6.73,9.27,86.20,34.18,4.09,13.96,11.74,15.46,,,,,,,,,,,,,,,,,,,,,,,,,,,,,,,,,,,,,,,,,,,,,,,,,,,,,,,,,,,,,,,,,
2022,Paraguay,1.65,5.67,6.35,4.54,60.42,19.52,2.49,7.26,7.97,6.97,,,,,,,,,,,,,,,,,,,,,,,,,,,,,,,,,,,,,,,,,,,,,,,,,,,,,,,,,,,,,,,,,
2022,Peru,2.17,9.54,7.55,13.93,56.73,41.86,3.66,46.46,26.34,17.82,,,,,,,,,,,,,,,,,,,,,,,,,,,,,,,,,,,,,,,,,,,,,,,,,,,,,,,,,,,,,,,,,
2022,Philippines,10.33,19.29,6.17,15.46,64.50,47.20,7.64,29.66,23.17,23.09,,,,,,,,,,,,,,,,,,,,,,,,,,,,,,,,,,,,,,,,,,,,,,,,,,,,,,,,,,,,,,,,,
2022,Poland,32.50,50.18,42.98,13.61,53.73,32.71,9.96,35.43,0.00,39.45,,,,,,,,,,,,,,,,,,,,,,,,,,,,,,,,,,,,,,,,,,,,,,,,,,,,,,,,,,,,,,,,,
2022,Portugal,32.42,53.62,42.03,38.75,63.95,77.34,9.77,67.12,15.61,56.17,,,,,,,,,,,,,,,,,,,,,,,,,,,,,,,,,,,,,,,,,,,,,,,,,,,,,,,,,,,,,,,,,
2022,Qatar,38.63,25.99,1.39,35.79,44.09,11.59,21.49,1.14,73.13,43.87,,,,,,,,,,,,,,,,,,,,,,,,,,,,,,,,,,,,,,,,,,,,,,,,,,,,,,,,,,,,,,,,,
2022,Romania,9.50,17.10,13.90,10.81,43.38,24.66,2.30,26.08,6.74,14.47,,,,,,,,,,,,,,,,,,,,,,,,,,,,,,,,,,,,,,,,,,,,,,,,,,,,,,,,,,,,,,,,,
2022,Russian Federation,38.13,14.07,5.22,26.64,0.00,10.05,92.66,32.02,45.16,34.89,,,,,,,,,,,,,,,,,,,,,,,,,,,,,,,,,,,,,,,,,,,,,,,,,,,,,,,,,,,,,,,,,
2022,Saudi Arabia,33.56,24.01,4.04,24.94,17.97,8.37,50.27,26.36,70.11,37.06,,,,,,,,,,,,,,,,,,,,,,,,,,,,,,,,,,,,,,,,,,,,,,,,,,,,,,,,,,,,,,,,,
2022,Serbia,4.30,3.97,6.51,0.58,36.75,8.76,3.04,6.50,2.33,1.71,,,,,,,,,,,,,,,,,,,,,,,,,,,,,,,,,,,,,,,,,,,,,,,,,,,,,,,,,,,,,,,,,
2022,Singapore,69.84,49.17,21.30,49.20,80.70,54.57,17.18,37.98,59.90,74.09,,,,,,,,,,,,,,,,,,,,,,,,,,,,,,,,,,,,,,,,,,,,,,,,,,,,,,,,,,,,,,,,,
2022,Slovakia,9.96,14.92,16.74,1.80,49.77,12.09,1.27,7.71,7.75,11.91,,,,,,,,,,,,,,,,,,,,,,,,,,,,,,,,,,,,,,,,,,,,,,,,,,,,,,,,,,,,,,,,,
2022,Viet Nam,14.02,17.52,1.87,7.46,59.19,25.41,14.98,37.05,35.36,21.96,,,,,,,,,,,,,,,,,,,,,,,,,,,,,,,,,,,,,,,,,,,,,,,,,,,,,,,,,,,,,,,,,
2022,Slovenia,8.44,13.85,17.31,1.86,59.82,15.07,0.63,6.96,0.75,10.46,,,,,,,,,,,,,,,,,,,,,,,,,,,,,,,,,,,,,,,,,,,,,,,,,,,,,,,,,,,,,,,,,
2022,South Africa,14.97,8.36,10.09,19.30,41.50,38.41,13.71,45.11,38.97,26.14,,,,,,,,,,,,,,,,,,,,,,,,,,,,,,,,,,,,,,,,,,,,,,,,,,,,,,,,,,,,,,,,,
2022,Spain,44.80,60.32,47.52,80.87,59.73,95.67,26.04,98.00,27.65,80.00,,,,,,,,,,,,,,,,,,,,,,,,,,,,,,,,,,,,,,,,,,,,,,,,,,,,,,,,,,,,,,,,,
2022,Sweden,73.25,100.00,100.00,56.24,81.92,55.12,22.04,31.35,18.02,95.73,,,,,,,,,,,,,,,,,,,,,,,,,,,,,,,,,,,,,,,,,,,,,,,,,,,,,,,,,,,,,,,,,
2022,Switzerland,81.33,96.67,86.59,63.89,100.00,61.55,26.03,44.99,33.01,100.00,,,,,,,,,,,,,,,,,,,,,,,,,,,,,,,,,,,,,,,,,,,,,,,,,,,,,,,,,,,,,,,,,
2022,Thailand,17.17,23.74,7.43,38.98,73.23,82.01,11.59,74.77,64.74,47.69,,,,,,,,,,,,,,,,,,,,,,,,,,,,,,,,,,,,,,,,,,,,,,,,,,,,,,,,,,,,,,,,,
2022,United Arab Emirates,58.60,37.66,4.63,56.22,49.69,19.36,53.82,17.71,100.00,70.01,,,,,,,,,,,,,,,,,,,,,,,,,,,,,,,,,,,,,,,,,,,,,,,,,,,,,,,,,,,,,,,,,
2022,Tunisia,3.38,6.52,3.35,4.96,54.13,21.42,3.40,18.30,10.08,7.03,,,,,,,,,,,,,,,,,,,,,,,,,,,,,,,,,,,,,,,,,,,,,,,,,,,,,,,,,,,,,,,,,
2022,Turkiye,19.52,25.33,5.54,37.42,48.09,60.90,31.62,81.72,46.26,42.10,,,,,,,,,,,,,,,,,,,,,,,,,,,,,,,,,,,,,,,,,,,,,,,,,,,,,,,,,,,,,,,,,
2022,Ukraine,10.40,0.92,16.70,4.82,36.99,9.17,34.22,5.81,2.74,10.30,,,,,,,,,,,,,,,,,,,,,,,,,,,,,,,,,,,,,,,,,,,,,,,,,,,,,,,,,,,,,,,,,
2022,Egypt,10.88,10.74,5.66,31.77,44.31,46.83,14.61,82.01,74.47,35.28,,,,,,,,,,,,,,,,,,,,,,,,,,,,,,,,,,,,,,,,,,,,,,,,,,,,,,,,,,,,,,,,,
2022,United Kingdom,86.40,79.63,71.90,79.54,57.48,37.37,79.49,61.47,12.41,92.40,,,,,,,,,,,,,,,,,,,,,,,,,,,,,,,,,,,,,,,,,,,,,,,,,,,,,,,,,,,,,,,,,
2022,United States,99.73,53.16,46.65,88.76,50.84,42.36,100.00,51.39,32.39,97.12,,,,,,,,,,,,,,,,,,,,,,,,,,,,,,,,,,,,,,,,,,,,,,,,,,,,,,,,,,,,,,,,,
2022,Uruguay,4.63,8.67,11.26,5.59,58.73,22.91,1.10,10.35,3.04,9.85,,,,,,,,,,,,,,,,,,,,,,,,,,,,,,,,,,,,,,,,,,,,,,,,,,,,,,,,,,,,,,,,,
2022,Uzbekistan,1.59,0.50,2.03,0.66,41.60,4.55,5.68,1.54,12.63,0.49,,,,,,,,,,,,,,,,,,,,,,,,,,,,,,,,,,,,,,,,,,,,,,,,,,,,,,,,,,,,,,,,,
2022,Zambia,0.00,2.86,3.26,2.71,49.04,6.81,2.83,1.79,19.97,3.95,,,,,,,,,,,,,,,,,,,,,,,,,,,,,,,,,,,,,,,,,,,,,,,,,,,,,,,,,,,,,,,,,
,,,,,,,,,,,,,,,,,,,,,,,,,,,,,,,,,,,,,,,,,,,,,,,,,,,,,,,,,,,,,,,,,,,,,,,,,,,,
,,,,,,,,,,,,,,,,,,,,,,,,,,,,,,,,,,,,,,,,,,,,,,,,,,,,,,,,,,,,,,,,,,,,,,,,,,,,
,,,,,,,,,,,,,,,,,,,,,,,,,,,,,,,,,,,,,,,,,,,,,,,,,,,,,,,,,,,,,,,,,,,,,,,,,,,,
,,,,,,,,,,,,,,,,,,,,,,,,,,,,,,,,,,,,,,,,,,,,,,,,,,,,,,,,,,,,,,,,,,,,,,,,,,,,
,,,,,,,,,,,,,,,,,,,,,,,,,,,,,,,,,,,,,,,,,,,,,,,,,,,,,,,,,,,,,,,,,,,,,,,,,,,,
,,,,,,,,,,,,,,,,,,,,,,,,,,,,,,,,,,,,,,,,,,,,,,,,,,,,,,,,,,,,,,,,,,,,,,,,,,,,
,,,,,,,,,,,,,,,,,,,,,,,,,,,,,,,,,,,,,,,,,,,,,,,,,,,,,,,,,,,,,,,,,,,,,,,,,,,,
,,,,,,,,,,,,,,,,,,,,,,,,,,,,,,,,,,,,,,,,,,,,,,,,,,,,,,,,,,,,,,,,,,,,,,,,,,,,
,,,,,,,,,,,,,,,,,,,,,,,,,,,,,,,,,,,,,,,,,,,,,,,,,,,,,,,,,,,,,,,,,,,,,,,,,,,,
,,,,,,,,,,,,,,,,,,,,,,,,,,,,,,,,,,,,,,,,,,,,,,,,,,,,,,,,,,,,,,,,,,,,,,,,,,,,
,,,,,,,,,,,,,,,,,,,,,,,,,,,,,,,,,,,,,,,,,,,,,,,,,,,,,,,,,,,,,,,,,,,,,,,,,,,,
,,,,,,,,,,,,,,,,,,,,,,,,,,,,,,,,,,,,,,,,,,,,,,,,,,,,,,,,,,,,,,,,,,,,,,,,,,,,
,,,,,,,,,,,,,,,,,,,,,,,,,,,,,,,,,,,,,,,,,,,,,,,,,,,,,,,,,,,,,,,,,,,,,,,,,,,,
,,,,,,,,,,,,,,,,,,,,,,,,,,,,,,,,,,,,,,,,,,,,,,,,,,,,,,,,,,,,,,,,,,,,,,,,,,,,
,,,,,,,,,,,,,,,,,,,,,,,,,,,,,,,,,,,,,,,,,,,,,,,,,,,,,,,,,,,,,,,,,,,,,,,,,,,,
,,,,,,,,,,,,,,,,,,,,,,,,,,,,,,,,,,,,,,,,,,,,,,,,,,,,,,,,,,,,,,,,,,,,,,,,,,,,
,,,,,,,,,,,,,,,,,,,,,,,,,,,,,,,,,,,,,,,,,,,,,,,,,,,,,,,,,,,,,,,,,,,,,,,,,,,,
,,,,,,,,,,,,,,,,,,,,,,,,,,,,,,,,,,,,,,,,,,,,,,,,,,,,,,,,,,,,,,,,,,,,,,,,,,,,
,,,,,,,,,,,,,,,,,,,,,,,,,,,,,,,,,,,,,,,,,,,,,,,,,,,,,,,,,,,,,,,,,,,,,,,,,,,,
,,,,,,,,,,,,,,,,,,,,,,,,,,,,,,,,,,,,,,,,,,,,,,,,,,,,,,,,,,,,,,,,,,,,,,,,,,,,
,,,,,,,,,,,,,,,,,,,,,,,,,,,,,,,,,,,,,,,,,,,,,,,,,,,,,,,,,,,,,,,,,,,,,,,,,,,,
,,,,,,,,,,,,,,,,,,,,,,,,,,,,,,,,,,,,,,,,,,,,,,,,,,,,,,,,,,,,,,,,,,,,,,,,,,,,
,,,,,,,,,,,,,,,,,,,,,,,,,,,,,,,,,,,,,,,,,,,,,,,,,,,,,,,,,,,,,,,,,,,,,,,,,,,,
,,,,,,,,,,,,,,,,,,,,,,,,,,,,,,,,,,,,,,,,,,,,,,,,,,,,,,,,,,,,,,,,,,,,,,,,,,,,
,,,,,,,,,,,,,,,,,,,,,,,,,,,,,,,,,,,,,,,,,,,,,,,,,,,,,,,,,,,,,,,,,,,,,,,,,,,,
,,,,,,,,,,,,,,,,,,,,,,,,,,,,,,,,,,,,,,,,,,,,,,,,,,,,,,,,,,,,,,,,,,,,,,,,,,,,
,,,,,,,,,,,,,,,,,,,,,,,,,,,,,,,,,,,,,,,,,,,,,,,,,,,,,,,,,,,,,,,,,,,,,,,,,,,,
,,,,,,,,,,,,,,,,,,,,,,,,,,,,,,,,,,,,,,,,,,,,,,,,,,,,,,,,,,,,,,,,,,,,,,,,,,,,
,,,,,,,,,,,,,,,,,,,,,,,,,,,,,,,,,,,,,,,,,,,,,,,,,,,,,,,,,,,,,,,,,,,,,,,,,,,,
,,,,,,,,,,,,,,,,,,,,,,,,,,,,,,,,,,,,,,,,,,,,,,,,,,,,,,,,,,,,,,,,,,,,,,,,,,,,
,,,,,,,,,,,,,,,,,,,,,,,,,,,,,,,,,,,,,,,,,,,,,,,,,,,,,,,,,,,,,,,,,,,,,,,,,,,,
,,,,,,,,,,,,,,,,,,,,,,,,,,,,,,,,,,,,,,,,,,,,,,,,,,,,,,,,,,,,,,,,,,,,,,,,,,,,
,,,,,,,,,,,,,,,,,,,,,,,,,,,,,,,,,,,,,,,,,,,,,,,,,,,,,,,,,,,,,,,,,,,,,,,,,,,,
,,,,,,,,,,,,,,,,,,,,,,,,,,,,,,,,,,,,,,,,,,,,,,,,,,,,,,,,,,,,,,,,,,,,,,,,,,,,
,,,,,,,,,,,,,,,,,,,,,,,,,,,,,,,,,,,,,,,,,,,,,,,,,,,,,,,,,,,,,,,,,,,,,,,,,,,,
,,,,,,,,,,,,,,,,,,,,,,,,,,,,,,,,,,,,,,,,,,,,,,,,,,,,,,,,,,,,,,,,,,,,,,,,,,,,
,,,,,,,,,,,,,,,,,,,,,,,,,,,,,,,,,,,,,,,,,,,,,,,,,,,,,,,,,,,,,,,,,,,,,,,,,,,,
,,,,,,,,,,,,,,,,,,,,,,,,,,,,,,,,,,,,,,,,,,,,,,,,,,,,,,,,,,,,,,,,,,,,,,,,,,,,
,,,,,,,,,,,,,,,,,,,,,,,,,,,,,,,,,,,,,,,,,,,,,,,,,,,,,,,,,,,,,,,,,,,,,,,,,,,,
,,,,,,,,,,,,,,,,,,,,,,,,,,,,,,,,,,,,,,,,,,,,,,,,,,,,,,,,,,,,,,,,,,,,,,,,,,,,
,,,,,,,,,,,,,,,,,,,,,,,,,,,,,,,,,,,,,,,,,,,,,,,,,,,,,,,,,,,,,,,,,,,,,,,,,,,,
,,,,,,,,,,,,,,,,,,,,,,,,,,,,,,,,,,,,,,,,,,,,,,,,,,,,,,,,,,,,,,,,,,,,,,,,,,,,
,,,,,,,,,,,,,,,,,,,,,,,,,,,,,,,,,,,,,,,,,,,,,,,,,,,,,,,,,,,,,,,,,,,,,,,,,,,,
,,,,,,,,,,,,,,,,,,,,,,,,,,,,,,,,,,,,,,,,,,,,,,,,,,,,,,,,,,,,,,,,,,,,,,,,,,,,
,,,,,,,,,,,,,,,,,,,,,,,,,,,,,,,,,,,,,,,,,,,,,,,,,,,,,,,,,,,,,,,,,,,,,,,,,,,,
,,,,,,,,,,,,,,,,,,,,,,,,,,,,,,,,,,,,,,,,,,,,,,,,,,,,,,,,,,,,,,,,,,,,,,,,,,,,
,,,,,,,,,,,,,,,,,,,,,,,,,,,,,,,,,,,,,,,,,,,,,,,,,,,,,,,,,,,,,,,,,,,,,,,,,,,,
,,,,,,,,,,,,,,,,,,,,,,,,,,,,,,,,,,,,,,,,,,,,,,,,,,,,,,,,,,,,,,,,,,,,,,,,,,,,
,,,,,,,,,,,,,,,,,,,,,,,,,,,,,,,,,,,,,,,,,,,,,,,,,,,,,,,,,,,,,,,,,,,,,,,,,,,,
,,,,,,,,,,,,,,,,,,,,,,,,,,,,,,,,,,,,,,,,,,,,,,,,,,,,,,,,,,,,,,,,,,,,,,,,,,,,
,,,,,,,,,,,,,,,,,,,,,,,,,,,,,,,,,,,,,,,,,,,,,,,,,,,,,,,,,,,,,,,,,,,,,,,,,,,,
,,,,,,,,,,,,,,,,,,,,,,,,,,,,,,,,,,,,,,,,,,,,,,,,,,,,,,,,,,,,,,,,,,,,,,,,,,,,
,,,,,,,,,,,,,,,,,,,,,,,,,,,,,,,,,,,,,,,,,,,,,,,,,,,,,,,,,,,,,,,,,,,,,,,,,,,,
,,,,,,,,,,,,,,,,,,,,,,,,,,,,,,,,,,,,,,,,,,,,,,,,,,,,,,,,,,,,,,,,,,,,,,,,,,,,
,,,,,,,,,,,,,,,,,,,,,,,,,,,,,,,,,,,,,,,,,,,,,,,,,,,,,,,,,,,,,,,,,,,,,,,,,,,,
,,,,,,,,,,,,,,,,,,,,,,,,,,,,,,,,,,,,,,,,,,,,,,,,,,,,,,,,,,,,,,,,,,,,,,,,,,,,
,,,,,,,,,,,,,,,,,,,,,,,,,,,,,,,,,,,,,,,,,,,,,,,,,,,,,,,,,,,,,,,,,,,,,,,,,,,,
,,,,,,,,,,,,,,,,,,,,,,,,,,,,,,,,,,,,,,,,,,,,,,,,,,,,,,,,,,,,,,,,,,,,,,,,,,,,
,,,,,,,,,,,,,,,,,,,,,,,,,,,,,,,,,,,,,,,,,,,,,,,,,,,,,,,,,,,,,,,,,,,,,,,,,,,,
,,,,,,,,,,,,,,,,,,,,,,,,,,,,,,,,,,,,,,,,,,,,,,,,,,,,,,,,,,,,,,,,,,,,,,,,,,,,
,,,,,,,,,,,,,,,,,,,,,,,,,,,,,,,,,,,,,,,,,,,,,,,,,,,,,,,,,,,,,,,,,,,,,,,,,,,,
,,,,,,,,,,,,,,,,,,,,,,,,,,,,,,,,,,,,,,,,,,,,,,,,,,,,,,,,,,,,,,,,,,,,,,,,,,,,
,,,,,,,,,,,,,,,,,,,,,,,,,,,,,,,,,,,,,,,,,,,,,,,,,,,,,,,,,,,,,,,,,,,,,,,,,,,,
,,,,,,,,,,,,,,,,,,,,,,,,,,,,,,,,,,,,,,,,,,,,,,,,,,,,,,,,,,,,,,,,,,,,,,,,,,,,
,,,,,,,,,,,,,,,,,,,,,,,,,,,,,,,,,,,,,,,,,,,,,,,,,,,,,,,,,,,,,,,,,,,,,,,,,,,,
,,,,,,,,,,,,,,,,,,,,,,,,,,,,,,,,,,,,,,,,,,,,,,,,,,,,,,,,,,,,,,,,,,,,,,,,,,,,
,,,,,,,,,,,,,,,,,,,,,,,,,,,,,,,,,,,,,,,,,,,,,,,,,,,,,,,,,,,,,,,,,,,,,,,,,,,,
,,,,,,,,,,,,,,,,,,,,,,,,,,,,,,,,,,,,,,,,,,,,,,,,,,,,,,,,,,,,,,,,,,,,,,,,,,,,
,,,,,,,,,,,,,,,,,,,,,,,,,,,,,,,,,,,,,,,,,,,,,,,,,,,,,,,,,,,,,,,,,,,,,,,,,,,,
,,,,,,,,,,,,,,,,,,,,,,,,,,,,,,,,,,,,,,,,,,,,,,,,,,,,,,,,,,,,,,,,,,,,,,,,,,,,
,,,,,,,,,,,,,,,,,,,,,,,,,,,,,,,,,,,,,,,,,,,,,,,,,,,,,,,,,,,,,,,,,,,,,,,,,,,,
,,,,,,,,,,,,,,,,,,,,,,,,,,,,,,,,,,,,,,,,,,,,,,,,,,,,,,,,,,,,,,,,,,,,,,,,,,,,
,,,,,,,,,,,,,,,,,,,,,,,,,,,,,,,,,,,,,,,,,,,,,,,,,,,,,,,,,,,,,,,,,,,,,,,,,,,,
,,,,,,,,,,,,,,,,,,,,,,,,,,,,,,,,,,,,,,,,,,,,,,,,,,,,,,,,,,,,,,,,,,,,,,,,,,,,
,,,,,,,,,,,,,,,,,,,,,,,,,,,,,,,,,,,,,,,,,,,,,,,,,,,,,,,,,,,,,,,,,,,,,,,,,,,,
,,,,,,,,,,,,,,,,,,,,,,,,,,,,,,,,,,,,,,,,,,,,,,,,,,,,,,,,,,,,,,,,,,,,,,,,,,,,
,,,,,,,,,,,,,,,,,,,,,,,,,,,,,,,,,,,,,,,,,,,,,,,,,,,,,,,,,,,,,,,,,,,,,,,,,,,,
,,,,,,,,,,,,,,,,,,,,,,,,,,,,,,,,,,,,,,,,,,,,,,,,,,,,,,,,,,,,,,,,,,,,,,,,,,,,
,,,,,,,,,,,,,,,,,,,,,,,,,,,,,,,,,,,,,,,,,,,,,,,,,,,,,,,,,,,,,,,,,,,,,,,,,,,,
,,,,,,,,,,,,,,,,,,,,,,,,,,,,,,,,,,,,,,,,,,,,,,,,,,,,,,,,,,,,,,,,,,,,,,,,,,,,
,,,,,,,,,,,,,,,,,,,,,,,,,,,,,,,,,,,,,,,,,,,,,,,,,,,,,,,,,,,,,,,,,,,,,,,,,,,,
,,,,,,,,,,,,,,,,,,,,,,,,,,,,,,,,,,,,,,,,,,,,,,,,,,,,,,,,,,,,,,,,,,,,,,,,,,,,
,,,,,,,,,,,,,,,,,,,,,,,,,,,,,,,,,,,,,,,,,,,,,,,,,,,,,,,,,,,,,,,,,,,,,,,,,,,,
,,,,,,,,,,,,,,,,,,,,,,,,,,,,,,,,,,,,,,,,,,,,,,,,,,,,,,,,,,,,,,,,,,,,,,,,,,,,
,,,,,,,,,,,,,,,,,,,,,,,,,,,,,,,,,,,,,,,,,,,,,,,,,,,,,,,,,,,,,,,,,,,,,,,,,,,,
,,,,,,,,,,,,,,,,,,,,,,,,,,,,,,,,,,,,,,,,,,,,,,,,,,,,,,,,,,,,,,,,,,,,,,,,,,,,
,,,,,,,,,,,,,,,,,,,,,,,,,,,,,,,,,,,,,,,,,,,,,,,,,,,,,,,,,,,,,,,,,,,,,,,,,,,,
